ticks-1-60sec,event-beat-b-or-agent-n
167099624,a4
167099630,b
167099631,a1
167099631,a2
167099631,a3
167099631,a4
167099631,a5
167099631,a6
167099631,a7
167099631,a8
167099632,a4
167099636,a2
167099644,a6
167099646,a4
167099650,a3
167099650,a3
167099652,a5
167099653,a2
167099653,a3
167099653,a4
167099653,a5
167099653,a6
167099653,a7
167099653,a8
167099654,a4
167099660,a7
167099661,a7
167099664,a5
167099669,a4
167099673,a7
167099673,a5
167099674,a3
167099675,b
167099675,a2
167099675,a3
167099675,a4
167099675,a5
167099675,a6
167099675,a7
167099675,a8
167099677,a6
167099682,a6
167099690,a5
167099695,a3
167099698,a2
167099698,a3
167099698,a3
167099698,a4
167099698,a6
167099698,a7
167099698,a8
167099698,a8
167099702,a8
167099708,a6
167099708,a4
167099713,a2
167099717,a2
167099718,a4
167099720,a7
167099720,a8
167099720,a8
167099721,init
167099721,b
167099721,a1
167099721,a2
167099721,a3
167099721,a4
167099721,a6
167099721,a7
167099721,a7
167099723,a3
167099723,a3
167099728,a8
167099730,a6
167099731,a2
167099738,a8
167099743,a2
167099743,a3
167099743,a4
167099743,a4
167099743,a5
167099743,a6
167099743,a6
167099743,a7
167099743,a7
167099743,a7
167099743,a8
167099745,a4
167099745,a3
167099753,a7
167099755,a4
167099757,a6
167099757,a6
167099761,a7
167099761,a7
167099763,a5
167099766,b
167099766,a2
167099766,a3
167099766,a4
167099766,a4
167099766,a5
167099766,a6
167099766,a7
167099766,a8
167099774,a6
167099776,a2
167099778,a5
167099783,a7
167099783,a3
167099784,a2
167099787,a2
167099788,a2
167099788,a3
167099788,a4
167099788,a5
167099788,a6
167099788,a7
167099788,a8
167099789,a7
167099799,a6
167099805,a3
167099808,a8
167099809,a4
167099809,a4
167099810,a3
167099810,b
167099811,a1
167099811,a2
167099811,a3
167099811,a4
167099811,a6
167099811,a7
167099811,a8
167099813,a4
167099815,a7
167099819,a4
167099820,a4
167099822,a1
167099823,a2
167099824,a7
167099825,a6
167099830,a8
167099832,a5
167099833,a2
167099833,a3
167099833,a4
167099833,a7
167099833,a8
167099835,a8
167099839,a2
167099841,a7
167099847,a8
167099849,a4
167099856,a8
167099856,b
167099856,a2
167099856,a3
167099856,a4
167099856,a5
167099856,a7
167099856,a8
167099861,a3
167099867,a5
167099872,a3
167099878,a2
167099878,a3
167099878,a5
167099878,a7
167099878,a8
167099885,a5
167099890,a2
167099897,a3
167099900,init
167099900,b
167099901,a1
167099901,a2
167099901,a3
167099901,a4
167099901,a6
167099901,a7
167099901,a8
167099902,a2
167099904,a2
167099905,a3
167099907,a7
167099910,a6
167099911,a4
167099915,a1
167099920,a3
167099923,a1
167099923,a2
167099923,a3
167099923,a4
167099923,a5
167099923,a6
167099923,a7
167099923,a8
167099927,a8
167099928,a5
167099932,a8
167099934,a4
167099935,a6
167099938,a7
167099941,a7
167099943,a8
167099943,a8
167099945,b
167099945,a1
167099945,a3
167099945,a4
167099945,a5
167099945,a6
167099945,a7
167099945,a8
167099948,a3
167099952,a7
167099956,a6
167099959,a5
167099962,a4
167099965,a3
167099968,a1
167099968,a2
167099968,a3
167099968,a4
167099968,a4
167099968,a5
167099968,a6
167099968,a7
167099968,a8
167099968,a7
167099973,a8
167099973,a6
167099974,a2
167099978,a3
167099979,a5
167099980,a2
167099980,a8
167099980,a1
167099981,a1
167099987,a2
167099989,a4
167099989,a4
167099990,b
167099991,a3
167099991,a4
167099991,a5
167099991,a6
167099991,a7
167099991,a8
167099995,a4
167099997,a7
167099997,a6
167100003,a5
167100005,a7
167100009,a1
167100011,a4
167100012,a1
167100013,a2
167100013,a3
167100013,a5
167100013,a6
167100013,a7
167100013,a8
167100021,a6
167100030,a8
167100032,a3
167100035,b
167100035,a2
167100035,a3
167100035,a4
167100035,a6
167100035,a7
167100035,a8
167100040,a3
167100047,a6
167100052,a2
167100054,a7
167100058,a2
167100058,a3
167100058,a4
167100058,a5
167100058,a6
167100058,a7
167100058,a8
167100059,a4
167100059,a8
167100060,a3
167100062,a2
167100062,a8
167100070,a5
167100074,a5
167100079,a3
167100081,init
167100081,b
167100081,a1
167100081,a2
167100081,a3
167100081,a4
167100081,a5
167100081,a6
167100081,a7
167100081,a8
167100081,a2
167100082,a6
167100082,a4
167100087,a7
167100089,a7
167100091,a5
167100093,a2
167100093,a6
167100093,a8
167100099,a3
167100100,a7
167100103,a3
167100103,a4
167100103,a6
167100103,a7
167100103,a8
167100104,a8
167100110,a6
167100112,a4
167100115,a1
167100126,b
167100126,a2
167100126,a3
167100126,a4
167100126,a5
167100126,a6
167100126,a7
167100126,a7
167100126,a7
167100126,a7
167100126,a8
167100131,a5
167100133,a6
167100145,a4
167100147,a4
167100148,a1
167100148,a2
167100148,a3
167100148,a4
167100148,a5
167100148,a6
167100148,a7
167100148,a8
167100149,a2
167100150,a3
167100153,a5
167100154,a7
167100156,a7
167100158,a6
167100160,a3
167100161,a8
167100162,a7
167100162,a3
167100165,a7
167100165,a4
167100170,b
167100171,a2
167100171,a3
167100171,a4
167100171,a5
167100171,a6
167100171,a7
167100171,a8
167100174,a8
167100176,a2
167100177,a2
167100178,a7
167100181,a8
167100184,a6
167100186,a1
167100190,a7
167100191,a5
167100193,a2
167100193,a2
167100193,a3
167100193,a4
167100193,a5
167100193,a6
167100193,a7
167100193,a8
167100194,a8
167100200,a7
167100201,a4
167100203,a7
167100203,a6
167100208,a5
167100216,b
167100216,a2
167100216,a2
167100216,a3
167100216,a4
167100216,a5
167100216,a7
167100216,a8
167100216,a2
167100218,a3
167100219,a4
167100229,a5
167100233,a7
167100234,a8
167100235,a3
167100238,a2
167100238,a3
167100238,a3
167100238,a4
167100238,a4
167100238,a5
167100238,a7
167100238,a8
167100238,a8
167100239,a2
167100241,a3
167100246,a5
167100250,a1
167100259,a2
167100260,init
167100260,b
167100261,a1
167100261,a2
167100261,a3
167100261,a4
167100261,a5
167100261,a7
167100261,a8
167100263,a3
167100263,a3
167100268,a3
167100269,a7
167100273,a5
167100276,a2
167100276,a2
167100278,a7
167100283,a2
167100283,a3
167100283,a4
167100283,a5
167100283,a6
167100283,a7
167100283,a8
167100284,a4
167100284,a8
167100284,a4
167100284,a4
167100290,a5
167100290,a1
167100291,a6
167100299,a4
167100299,a7
167100302,a1
167100305,a8
167100305,b
167100305,a1
167100305,a2
167100305,a3
167100305,a4
167100305,a5
167100305,a6
167100305,a7
167100305,a8
167100308,a3
167100312,a5
167100318,a2
167100321,a7
167100321,a4
167100324,a3
167100327,a8
167100328,a2
167100328,a3
167100328,a4
167100328,a5
167100328,a6
167100328,a7
167100328,a8
167100329,a6
167100335,a6
167100340,a4
167100343,a5
167100343,a7
167100350,a2
167100351,b
167100351,a2
167100351,a3
167100351,a4
167100351,a5
167100351,a6
167100351,a7
167100351,a8
167100351,a8
167100351,a2
167100352,a4
167100357,a6
167100363,a5
167100364,a3
167100367,a4
167100370,a3
167100373,a2
167100373,a3
167100373,a4
167100373,a5
167100373,a6
167100373,a7
167100373,a8
167100374,a2
167100380,a1
167100383,a6
167100388,a5
167100391,a3
167100391,a7
167100392,a8
167100394,a2
167100396,b
167100396,a1
167100396,a2
167100396,a3
167100396,a5
167100396,a6
167100396,a7
167100396,a8
167100397,a8
167100403,a6
167100405,a4
167100405,a5
167100407,a7
167100410,a8
167100414,a3
167100418,a1
167100418,a2
167100418,a3
167100418,a4
167100418,a5
167100418,a6
167100418,a7
167100418,a7
167100418,a8
167100418,a8
167100420,a7
167100433,a6
167100433,a2
167100434,a5
167100440,init
167100440,b
167100441,a2
167100441,a3
167100441,a4
167100441,a4
167100441,a5
167100441,a6
167100441,a7
167100441,a7
167100441,a8
167100441,a2
167100442,a4
167100443,a2
167100448,a1
167100451,a7
167100452,a6
167100453,a5
167100457,a4
167100457,a2
167100460,a3
167100460,a3
167100462,a4
167100463,a2
167100463,a3
167100463,a5
167100463,a6
167100463,a7
167100463,a8
167100466,a7
167100466,a7
167100469,a6
167100473,a7
167100476,a1
167100477,a5
167100484,a3
167100486,b
167100486,a2
167100486,a3
167100486,a4
167100486,a5
167100486,a6
167100486,a7
167100486,a8
167100489,a8
167100494,a8
167100497,a2
167100498,a6
167100499,a5
167100504,a2
167100505,a8
167100506,a3
167100506,a8
167100506,a7
167100508,a1
167100508,a2
167100508,a3
167100508,a4
167100508,a6
167100508,a7
167100508,a8
167100509,a4
167100517,a4
167100519,a6
167100525,a7
167100530,b
167100531,a2
167100531,a3
167100531,a4
167100531,a5
167100531,a6
167100531,a7
167100531,a7
167100531,a8
167100533,a3
167100534,a6
167100535,a8
167100540,a4
167100542,a5
167100542,a7
167100542,a7
167100543,a8
167100543,a2
167100553,a2
167100553,a3
167100553,a4
167100553,a4
167100553,a5
167100553,a6
167100553,a7
167100553,a8
167100556,a3
167100558,a6
167100559,a2
167100566,a7
167100574,a5
167100576,b
167100576,a2
167100576,a3
167100576,a5
167100576,a6
167100576,a7
167100576,a8
167100576,a4
167100585,a6
167100589,a8
167100593,a3
167100598,a2
167100598,a3
167100598,a4
167100598,a5
167100598,a7
167100598,a8
167100602,a7
167100603,a8
167100609,a2
167100612,a1
167100615,a3
167100619,a5
167100620,a3
167100621,init
167100621,b
167100621,a1
167100621,a2
167100621,a3
167100621,a3
167100621,a3
167100621,a4
167100621,a5
167100621,a7
167100621,a8
167100621,a7
167100621,a4
167100622,a2
167100622,a8
167100623,a5
167100624,a2
167100640,a8
167100643,a1
167100643,a2
167100643,a3
167100643,a4
167100643,a5
167100643,a6
167100643,a7
167100643,a8
167100644,a4
167100648,a3
167100648,a3
167100651,a6
167100653,a7
167100655,a4
167100657,a7
167100660,a3
167100663,a5
167100665,b
167100665,a2
167100665,a3
167100665,a5
167100665,a6
167100665,a7
167100665,a8
167100677,a6
167100679,a5
167100682,a8
167100684,a2
167100685,a7
167100688,a1
167100688,a2
167100688,a3
167100688,a4
167100688,a5
167100688,a6
167100688,a7
167100688,a8
167100693,a4
167100694,a2
167100697,a6
167100700,a2
167100700,a5
167100704,a5
167100704,a4
167100707,a3
167100708,a8
167100710,b
167100711,a2
167100711,a3
167100711,a4
167100711,a5
167100711,a7
167100711,a8
167100712,a3
167100715,a3
167100720,a4
167100723,a5
167100723,a1
167100727,a2
167100728,a7
167100729,a1
167100731,a7
167100733,a2
167100733,a3
167100733,a4
167100733,a5
167100733,a7
167100733,a7
167100733,a8
167100736,a2
167100737,a8
167100739,a7
167100743,a7
167100747,a5
167100752,a3
167100754,a8
167100755,a8
167100755,b
167100756,a2
167100756,a3
167100756,a5
167100756,a7
167100756,a8
167100756,a2
167100757,a4
167100762,a5
167100768,a2
167100775,a7
167100777,a1
167100778,a1
167100778,a2
167100778,a3
167100778,a4
167100778,a5
167100778,a6
167100778,a8
167100783,a3
167100786,a4
167100788,a6
167100790,a3
167100793,a5
167100800,a8
167100801,init
167100801,b
167100801,a2
167100801,a3
167100801,a4
167100801,a5
167100801,a6
167100801,a7
167100801,a8
167100805,a3
167100812,a7
167100814,a2
167100814,a6
167100814,a8
167100815,a8
167100823,a2
167100823,a3
167100823,a4
167100823,a6
167100823,a7
167100823,a8
167100829,a4
167100833,a6
167100836,a7
167100837,a2
167100838,a4
167100841,a3
167100845,b
167100846,a2
167100846,a2
167100846,a3
167100846,a4
167100846,a5
167100846,a6
167100846,a7
167100846,a8
167100846,a2
167100850,a5
167100852,a6
167100856,a4
167100859,a1
167100859,a8
167100861,a5
167100862,a3
167100865,a7
167100866,a7
167100867,a3
167100868,a2
167100868,a3
167100868,a4
167100868,a5
167100868,a6
167100868,a7
167100868,a8
167100868,a8
167100878,a7
167100878,a4
167100880,a5
167100881,a8
167100882,a6
167100885,a8
167100890,b
167100891,a1
167100891,a2
167100891,a3
167100891,a4
167100891,a6
167100891,a7
167100891,a7
167100891,a8
167100891,a2
167100891,a8
167100894,a2
167100899,a7
167100899,a7
167100908,a4
167100911,a6
167100913,a2
167100913,a2
167100913,a3
167100913,a4
167100913,a5
167100913,a6
167100913,a7
167100913,a8
167100913,a8
167100918,a3
167100922,a6
167100922,a7
167100924,a5
167100927,a4
167100930,a3
167100935,b
167100935,a2
167100935,a3
167100935,a4
167100935,a5
167100935,a6
167100935,a7
167100935,a8
167100936,a2
167100937,a8
167100941,a2
167100943,a6
167100944,a2
167100946,a8
167100947,a5
167100947,a4
167100948,a7
167100953,a3
167100958,a2
167100958,a3
167100958,a4
167100958,a6
167100958,a7
167100958,a8
167100962,a3
167100964,a2
167100964,a2
167100970,a6
167100972,a4
167100980,init
167100980,b
167100981,a2
167100981,a3
167100981,a5
167100981,a6
167100981,a7
167100981,a8
167100981,a2
167100985,a8
167100985,a3
167100988,a5
167100988,a7
167100993,a3
167100994,a6
167101003,a8
167101003,a1
167101003,a2
167101003,a3
167101003,a4
167101003,a5
167101003,a6
167101003,a7
167101003,a7
167101003,a8
167101009,a6
167101011,a8
167101015,a4
167101017,a5
167101021,a8
167101025,b
167101026,a1
167101026,a2
167101026,a3
167101026,a4
167101026,a5
167101026,a7
167101026,a8
167101028,a7
167101028,a3
167101032,a5
167101036,a2
167101038,a3
167101038,a4
167101043,a7
167101043,a7
167101044,a2
167101048,a2
167101048,a3
167101048,a3
167101048,a5
167101048,a7
167101048,a7
167101048,a8
167101054,a3
167101055,a5
167101063,a2
167101068,a8
167101071,b
167101071,a2
167101071,a3
167101071,a4
167101071,a6
167101071,a7
167101071,a8
167101071,a2
167101072,a7
167101072,a7
167101081,a6
167101084,a7
167101088,a3
167101089,a7
167101090,a8
167101091,a3
167101093,a1
167101093,a2
167101093,a3
167101093,a4
167101093,a5
167101093,a7
167101093,a8
167101095,a8
167101102,a4
167101105,a3
167101106,a5
167101107,a1
167101107,a8
167101108,a2
167101116,a8
167101116,b
167101116,a1
167101116,a2
167101116,a3
167101116,a4
167101116,a7
167101116,a8
167101116,a4
167101123,a3
167101127,a4
167101128,a1
167101128,a1
167101131,a7
167101137,a7
167101138,a1
167101138,a2
167101138,a3
167101138,a4
167101138,a8
167101149,a2
167101150,a4
167101150,a3
167101161,init
167101161,b
167101161,a2
167101161,a3
167101161,a4
167101161,a5
167101161,a6
167101161,a7
167101166,a2
167101167,a6
167101169,a2
167101171,a4
167101179,a1
167101182,a2
167101183,a1
167101183,a3
167101183,a4
167101183,a5
167101183,a6
167101184,a7
167101184,a7
167101184,a8
167101187,a8
167101188,a6
167101188,a3
167101192,a8
167101193,a3
167101194,a5
167101203,a5
167101204,a4
167101206,b
167101206,a2
167101206,a3
167101206,a4
167101206,a6
167101206,a7
167101206,a8
167101210,a2
167101214,a7
167101214,a7
167101214,a3
167101214,a6
167101221,a4
167101222,a7
167101224,a1
167101225,a8
167101226,a8
167101228,a2
167101228,a3
167101228,a4
167101228,a5
167101228,a6
167101228,a7
167101228,a8
167101232,a7
167101234,a2
167101237,a6
167101241,a5
167101246,a3
167101250,b
167101251,a1
167101251,a2
167101251,a3
167101251,a4
167101251,a5
167101251,a6
167101251,a7
167101251,a8
167101251,a8
167101255,a8
167101259,a4
167101259,a7
167101261,a3
167101263,a5
167101263,a8
167101265,a6
167101268,a7
167101273,a2
167101273,a3
167101273,a4
167101273,a5
167101273,a6
167101273,a7
167101273,a7
167101273,a8
167101275,a4
167101280,a6
167101286,a5
167101289,a4
167101296,b
167101296,a2
167101296,a3
167101296,a4
167101296,a5
167101296,a6
167101296,a7
167101296,a8
167101296,a7
167101298,a7
167101308,a4
167101308,a3
167101309,a5
167101309,a8
167101310,a2
167101314,a2
167101318,a1
167101318,a2
167101318,a3
167101318,a5
167101318,a6
167101318,a7
167101318,a8
167101318,a7
167101320,a6
167101322,a8
167101326,a6
167101327,a1
167101329,a2
167101329,a3
167101332,a5
167101337,a8
167101340,init
167101340,b
167101340,a2
167101340,a3
167101340,a4
167101340,a5
167101340,a6
167101341,a7
167101341,a8
167101348,a6
167101349,a4
167101351,a3
167101354,a5
167101360,a8
167101363,a2
167101363,a3
167101363,a4
167101363,a5
167101363,a6
167101363,a7
167101363,a8
167101367,a3
167101368,a6
167101369,a3
167101374,a4
167101374,a2
167101376,a5
167101377,a7
167101381,a2
167101383,a8
167101384,a2
167101385,a8
167101385,b
167101385,a2
167101385,a3
167101385,a4
167101385,a5
167101385,a6
167101385,a7
167101385,a8
167101386,a7
167101389,a6
167101396,a5
167101408,a1
167101408,a2
167101408,a3
167101408,a4
167101408,a5
167101408,a7
167101408,a8
167101411,a4
167101420,a5
167101421,a1
167101421,a2
167101425,a8
167101425,a3
167101426,a3
167101428,a7
167101429,a4
167101430,b
167101430,a2
167101430,a3
167101430,a4
167101430,a5
167101430,a7
167101430,a8
167101436,a2
167101440,a4
167101443,a5
167101450,a8
167101453,a8
167101453,a2
167101453,a3
167101453,a4
167101453,a5
167101453,a7
167101453,a8
167101453,a7
167101465,a4
167101467,a5
167101471,a7
167101472,a3
167101473,a3
167101475,b
167101475,a2
167101475,a3
167101476,a4
167101476,a5
167101476,a6
167101476,a7
167101476,a8
167101480,a5
167101481,a6
167101482,a7
167101487,a2
167101495,a7
167101498,a8
167101498,a2
167101498,a3
167101498,a4
167101498,a5
167101498,a6
167101498,a7
167101498,a8
167101499,a2
167101500,a7
167101500,a3
167101501,a2
167101503,a5
167101508,a6
167101517,a3
167101519,a8
167101520,init
167101520,b
167101521,a1
167101521,a2
167101521,a3
167101521,a4
167101521,a5
167101521,a6
167101521,a7
167101521,a8
167101521,a4
167101522,a4
167101528,a7
167101529,a6
167101530,a4
167101533,a7
167101542,a5
167101543,a2
167101543,a3
167101543,a4
167101543,a5
167101543,a6
167101543,a7
167101543,a8
167101550,a1
167101557,a8
167101560,a3
167101561,a3
167101561,a2
167101563,a6
167101565,a8
167101565,a8
167101566,b
167101566,a2
167101566,a3
167101566,a4
167101566,a5
167101566,a6
167101566,a7
167101566,a8
167101571,a2
167101573,a4
167101574,a4
167101578,a2
167101583,a7
167101584,a7
167101587,a5
167101588,a2
167101588,a3
167101588,a4
167101588,a5
167101588,a6
167101588,a7
167101588,a8
167101591,a5
167101592,a3
167101598,a3
167101599,a6
167101603,a6
167101604,a2
167101610,b
167101610,a1
167101610,a2
167101610,a3
167101610,a4
167101610,a5
167101611,a6
167101611,a7
167101611,a8
167101614,a2
167101616,a5
167101618,a3
167101619,a6
167101624,a8
167101630,a1
167101631,a5
167101633,a2
167101633,a3
167101633,a3
167101633,a5
167101633,a6
167101633,a7
167101633,a8
167101634,a2
167101634,a4
167101635,a7
167101639,a6
167101641,a4
167101645,a2
167101645,a1
167101646,a5
167101647,a8
167101647,a8
167101655,a7
167101656,b
167101656,a1
167101656,a2
167101656,a3
167101656,a4
167101656,a5
167101656,a6
167101656,a8
167101657,a3
167101657,a3
167101663,a5
167101667,a6
167101671,a4
167101673,a7
167101674,a2
167101677,a3
167101678,a1
167101678,a2
167101679,a3
167101679,a4
167101679,a4
167101679,a5
167101679,a6
167101679,a7
167101679,a8
167101683,a5
167101685,a6
167101691,a3
167101695,a4
167101696,a1
167101697,a2
167101699,a7
167101700,init
167101700,b
167101700,a2
167101700,a3
167101700,a5
167101700,a6
167101700,a7
167101700,a8
167101706,a6
167101709,a4
167101709,a2
167101713,a8
167101716,a7
167101722,a8
167101723,a2
167101723,a3
167101723,a4
167101723,a5
167101723,a6
167101723,a7
167101723,a8
167101725,a8
167101725,a5
167101730,a6
167101731,a5
167101737,a7
167101740,a3
167101740,a8
167101745,b
167101745,a2
167101746,a3
167101746,a4
167101746,a5
167101746,a6
167101746,a7
167101746,a8
167101750,a3
167101752,a6
167101755,a4
167101755,a3
167101756,a7
167101758,a2
167101758,a1
167101759,a5
167101760,a2
167101768,a1
167101768,a2
167101768,a3
167101768,a4
167101768,a5
167101768,a6
167101768,a7
167101768,a8
167101775,a5
167101775,a7
167101775,a1
167101776,a6
167101782,a8
167101784,a4
167101787,a3
167101788,a4
167101789,a8
167101790,b
167101791,a1
167101791,a2
167101791,a3
167101791,a4
167101791,a4
167101791,a5
167101791,a7
167101791,a8
167101804,a4
167101806,a5
167101807,a7
167101808,a8
167101809,a2
167101811,a4
167101813,a2
167101813,a3
167101813,a5
167101813,a7
167101813,a8
167101815,a3
167101823,a3
167101824,a2
167101828,a7
167101828,a5
167101835,b
167101836,a1
167101836,a2
167101836,a3
167101836,a4
167101836,a5
167101836,a6
167101836,a7
167101836,a8
167101837,a8
167101841,a5
167101844,a3
167101844,a6
167101844,a7
167101845,a4
167101847,a2
167101849,a8
167101850,a8
167101858,a2
167101858,a3
167101858,a4
167101858,a6
167101858,a7
167101858,a8
167101867,a6
167101871,a2
167101871,a1
167101872,a1
167101876,a1
167101880,init
167101880,b
167101880,a1
167101880,a2
167101880,a3
167101880,a4
167101880,a5
167101880,a6
167101880,a7
167101880,a8
167101886,a4
167101888,a7
167101890,a6
167101892,a4
167101896,a5
167101898,a3
167101900,a3
167101903,a2
167101903,a3
167101903,a5
167101903,a6
167101903,a7
167101903,a8
167101904,a2
167101912,a5
167101913,a7
167101913,a6
167101915,a2
167101915,a3
167101918,a2
167101926,b
167101926,a1
167101926,a2
167101926,a3
167101926,a4
167101926,a6
167101926,a7
167101929,a8
167101932,a3
167101933,a6
167101934,a7
167101940,a8
167101943,a8
167101948,a2
167101948,a3
167101948,a4
167101948,a5
167101948,a6
167101948,a7
167101948,a8
167101950,a7
167101953,a2
167101955,a6
167101955,a3
167101956,a4
167101957,a7
167101959,a4
167101961,a1
167101969,a5
167101971,b
167101971,a2
167101971,a3
167101971,a3
167101971,a5
167101971,a6
167101971,a7
167101971,a7
167101971,a8
167101976,a8
167101978,a6
167101980,a3
167101980,a3
167101980,a7
167101980,a7
167101981,a5
167101989,a2
167101993,a2
167101993,a3
167101993,a4
167101993,a5
167101993,a6
167101993,a7
167101993,a8
167102005,a2
167102006,a5
167102006,a1
167102010,a3
167102015,b
167102015,a2
167102015,a3
167102015,a4
167102015,a5
167102015,a6
167102015,a7
167102015,a8
167102019,a6
167102022,a5
167102025,a6
167102028,a2
167102028,a2
167102029,a8
167102029,a7
167102037,a3
167102039,a1
167102039,a3
167102039,a4
167102039,a5
167102039,a6
167102039,a7
167102039,a8
167102039,a7
167102047,a7
167102052,a6
167102052,a8
167102053,a5
167102058,a8
167102058,a4
167102059,a3
167102060,init
167102060,b
167102060,a2
167102060,a3
167102060,a5
167102060,a6
167102060,a7
167102060,a8
167102064,a4
167102067,a1
167102069,a4
167102071,a7
167102073,a1
167102075,a5
167102081,a3
167102083,a1
167102083,a2
167102083,a3
167102083,a4
167102083,a5
167102083,a6
167102083,a7
167102083,a8
167102083,a8
167102085,a6
167102088,a5
167102090,a6
167102091,a2
167102092,a4
167102102,a2
167102104,a8
167102105,a3
167102105,a8
167102105,b
167102106,a2
167102106,a3
167102106,a4
167102106,a5
167102106,a7
167102106,a8
167102114,a2
167102119,a5
167102121,a4
167102128,a2
167102128,a3
167102128,a4
167102128,a5
167102128,a6
167102128,a7
167102128,a7
167102128,a8
167102138,a6
167102138,a3
167102141,a2
167102145,a7
167102150,a7
167102150,b
167102151,a1
167102151,a3
167102151,a4
167102151,a5
167102151,a7
167102151,a8
167102151,a8
167102161,a4
167102165,a8
167102165,a8
167102166,a7
167102170,a8
167102172,a1
167102172,a5
167102172,a5
167102173,a8
167102173,a2
167102173,a3
167102173,a4
167102173,a5
167102173,a6
167102173,a7
167102173,a8
167102176,a8
167102178,a8
167102179,a5
167102179,a7
167102182,a6
167102183,a3
167102183,a4
167102185,a1
167102192,a7
167102196,b
167102196,a2
167102196,a3
167102196,a4
167102196,a5
167102196,a6
167102196,a7
167102196,a8
167102197,a7
167102198,a3
167102200,a3
167102201,a8
167102202,a5
167102206,a3
167102209,a6
167102212,a4
167102216,a7
167102218,a2
167102218,a3
167102218,a4
167102218,a5
167102218,a6
167102218,a7
167102218,a8
167102218,a2
167102223,a2
167102224,a2
167102226,a6
167102228,a3
167102233,a5
167102233,a7
167102238,a4
167102241,init
167102241,b
167102241,a1
167102241,a2
167102241,a3
167102241,a4
167102241,a5
167102241,a6
167102241,a7
167102241,a8
167102249,a8
167102252,a6
167102259,a3
167102259,a2
167102261,a4
167102261,a5
167102263,a2
167102263,a3
167102263,a4
167102263,a5
167102263,a6
167102263,a7
167102263,a8
167102267,a8
167102268,a4
167102271,a5
167102273,a7
167102276,a3
167102278,a6
167102282,a8
167102285,b
167102286,a1
167102286,a2
167102286,a3
167102286,a4
167102286,a4
167102286,a5
167102286,a6
167102286,a7
167102286,a8
167102286,a4
167102289,a8
167102292,a2
167102294,a6
167102304,a3
167102308,a2
167102308,a3
167102308,a4
167102308,a5
167102308,a6
167102308,a7
167102308,a8
167102310,a4
167102310,a4
167102311,a7
167102312,a2
167102320,a6
167102321,a5
167102321,a1
167102324,a2
167102328,a5
167102329,a7
167102330,b
167102330,a2
167102330,a2
167102330,a3
167102330,a4
167102330,a5
167102330,a7
167102330,a8
167102333,a3
167102335,a8
167102336,a5
167102338,a3
167102339,a4
167102345,a7
167102352,a8
167102353,a2
167102353,a3
167102353,a5
167102353,a6
167102353,a7
167102353,a8
167102354,a2
167102358,a2
167102363,a3
167102364,a6
167102365,a7
167102365,a5
167102368,a7
167102370,a8
167102373,a4
167102375,b
167102375,a1
167102375,a2
167102375,a3
167102375,a4
167102375,a5
167102375,a6
167102375,a7
167102375,a8
167102381,a6
167102381,a7
167102382,a2
167102391,a2
167102397,a4
167102398,a2
167102398,a3
167102398,a3
167102398,a4
167102398,a4
167102398,a5
167102398,a6
167102398,a7
167102398,a8
167102399,a8
167102400,a3
167102400,a5
167102405,a6
167102406,a1
167102414,a2
167102415,a4
167102415,a4
167102419,a5
167102421,init
167102421,b
167102421,a2
167102421,a3
167102421,a4
167102421,a5
167102421,a6
167102421,a7
167102421,a7
167102421,a8
167102423,a3
167102423,a3
167102428,a5
167102429,a6
167102432,a7
167102433,a3
167102441,a8
167102442,a7
167102442,a7
167102443,a1
167102443,a2
167102443,a3
167102443,a4
167102443,a4
167102443,a5
167102443,a6
167102443,a7
167102443,a7
167102443,a8
167102443,a8
167102444,a2
167102451,a4
167102453,a3
167102454,a5
167102455,a6
167102462,a2
167102465,a8
167102465,b
167102466,a2
167102466,a3
167102466,a4
167102466,a6
167102466,a7
167102466,a8
167102469,a4
167102474,a2
167102486,a8
167102486,a8
167102488,a2
167102488,a3
167102488,a5
167102488,a6
167102488,a7
167102488,a8
167102490,a6
167102494,a5
167102500,a6
167102503,a8
167102503,a2
167102507,a3
167102510,b
167102510,a2
167102510,a3
167102510,a4
167102510,a5
167102510,a6
167102510,a7
167102510,a8
167102511,a4
167102513,a3
167102514,a8
167102516,a2
167102518,a6
167102526,a4
167102532,a8
167102533,a2
167102533,a3
167102533,a4
167102533,a5
167102533,a8
167102534,a4
167102543,a7
167102545,a3
167102551,a3
167102554,a5
167102555,a7
167102556,b
167102556,a1
167102556,a2
167102556,a3
167102556,a4
167102556,a5
167102556,a7
167102556,a8
167102557,a2
167102567,a3
167102571,a4
167102573,a7
167102576,a5
167102577,a8
167102578,a1
167102578,a2
167102578,a3
167102578,a4
167102578,a5
167102578,a6
167102578,a8
167102581,a8
167102587,a5
167102590,a4
167102596,a2
167102598,a5
167102598,a8
167102599,a8
167102600,a3
167102600,a7
167102600,init
167102600,b
167102600,a1
167102600,a3
167102600,a4
167102600,a5
167102600,a6
167102600,a7
167102602,a4
167102603,a2
167102604,a6
167102607,a6
167102611,a5
167102613,a3
167102616,a4
167102623,a2
167102623,a3
167102623,a4
167102623,a5
167102623,a6
167102623,a7
167102623,a8
167102630,a5
167102632,a1
167102639,a1
167102645,a3
167102645,b
167102646,a2
167102646,a3
167102646,a4
167102646,a5
167102646,a6
167102646,a7
167102646,a8
167102649,a6
167102652,a6
167102653,a5
167102654,a4
167102656,a2
167102658,a3
167102660,a7
167102666,a1
167102667,a8
167102668,a7
167102668,a7
167102668,a7
167102668,a2
167102668,a3
167102668,a4
167102668,a5
167102668,a6
167102668,a7
167102668,a8
167102668,a8
167102669,a4
167102674,a2
167102675,a5
167102676,a6
167102679,a3
167102679,a2
167102681,a8
167102682,a8
167102683,a7
167102684,a4
167102690,b
167102690,a1
167102690,a2
167102690,a3
167102690,a4
167102690,a5
167102690,a6
167102690,a7
167102690,a8
167102693,a7
167102704,a8
167102706,a6
167102706,a5
167102713,a1
167102713,a2
167102713,a3
167102713,a4
167102713,a5
167102713,a7
167102713,a7
167102713,a8
167102718,a4
167102725,a4
167102730,a8
167102730,a3
167102731,a1
167102734,a5
167102735,a3
167102735,b
167102736,a2
167102736,a2
167102736,a3
167102736,a4
167102736,a5
167102736,a7
167102736,a8
167102736,a8
167102749,a5
167102750,a8
167102752,a4
167102758,a2
167102758,a3
167102758,a4
167102758,a5
167102758,a7
167102758,a7
167102758,a8
167102760,a7
167102760,a7
167102764,a7
167102769,a2
167102770,a3
167102771,a5
167102773,a2
167102775,a7
167102775,a7
167102777,a3
167102781,init
167102781,b
167102781,a1
167102781,a2
167102781,a3
167102781,a4
167102781,a4
167102781,a5
167102781,a6
167102781,a7
167102781,a8
167102788,a6
167102790,a4
167102791,a3
167102799,a2
167102803,a2
167102803,a3
167102803,a4
167102803,a4
167102803,a5
167102803,a6
167102803,a7
167102803,a8
167102804,a4
167102804,a4
167102804,a8
167102806,a5
167102807,a2
167102810,a6
167102810,a7
167102812,a3
167102814,a8
167102814,a1
167102817,a1
167102819,a5
167102819,a4
167102822,a2
167102825,a1
167102826,b
167102826,a1
167102826,a2
167102826,a3
167102826,a4
167102826,a4
167102826,a5
167102826,a6
167102826,a7
167102826,a8
167102827,a7
167102835,a4
167102835,a6
167102836,a7
167102837,a5
167102845,a7
167102848,a2
167102848,a3
167102848,a4
167102848,a5
167102848,a6
167102848,a7
167102848,a8
167102856,a2
167102857,a4
167102859,a6
167102860,a5
167102860,a1
167102864,a4
167102865,a7
167102866,a3
167102870,b
167102870,a2
167102870,a3
167102870,a4
167102870,a5
167102870,a6
167102870,a7
167102871,a7
167102871,a8
167102875,a8
167102876,a2
167102876,a6
167102879,a3
167102880,a4
167102883,a7
167102883,a7
167102885,a5
167102885,a2
167102886,a4
167102893,a8
167102893,a2
167102893,a3
167102893,a5
167102893,a6
167102893,a7
167102893,a8
167102898,a2
167102900,a6
167102901,a8
167102902,a5
167102910,a7
167102911,a8
167102913,a3
167102915,b
167102916,a1
167102916,a2
167102916,a3
167102916,a4
167102916,a5
167102916,a6
167102916,a7
167102916,a7
167102916,a8
167102920,a3
167102924,a6
167102925,a3
167102926,a4
167102931,a5
167102938,a2
167102938,a3
167102938,a4
167102938,a5
167102938,a6
167102938,a7
167102938,a8
167102950,a6
167102951,a7
167102958,a8
167102959,a5
167102961,init
167102961,b
167102961,a2
167102961,a3
167102961,a4
167102961,a5
167102961,a6
167102961,a7
167102961,a8
167102962,a3
167102968,a5
167102969,a4
167102976,a2
167102980,a8
167102981,a7
167102981,a7
167102983,a2
167102983,a3
167102983,a4
167102983,a5
167102983,a7
167102983,a8
167102984,a6
167102985,a8
167102987,a7
167102988,a2
167102988,a3
167102991,a4
167102992,a4
167102994,a5
167102995,a2
167102996,a1
167102997,a8
167102998,a7
167103005,b
167103005,a2
167103005,a3
167103006,a5
167103006,a7
167103006,a8
167103006,a8
167103010,a3
167103021,a5
167103022,a7
167103028,a1
167103028,a2
167103028,a3
167103028,a4
167103028,a5
167103028,a8
167103036,a3
167103041,a5
167103049,a2
167103050,b
167103051,a3
167103051,a4
167103051,a5
167103051,a6
167103051,a7
167103051,a8
167103053,a4
167103055,a5
167103056,a2
167103058,a7
167103063,a6
167103072,a3
167103073,a2
167103073,a3
167103073,a4
167103073,a5
167103073,a7
167103075,a4
167103077,a8
167103081,a7
167103082,a8
167103087,a5
167103089,a4
167103093,a8
167103095,a3
167103096,b
167103096,a1
167103096,a2
167103096,a3
167103096,a4
167103096,a5
167103096,a6
167103096,a7
167103096,a8
167103099,a3
167103102,a6
167103102,a1
167103103,a2
167103106,a5
167103107,a4
167103108,a2
167103110,a7
167103115,a8
167103118,a2
167103118,a3
167103118,a4
167103118,a5
167103118,a6
167103118,a7
167103118,a8
167103120,a2
167103125,a6
167103126,a1
167103131,a5
167103136,a3
167103139,a4
167103140,init
167103140,b
167103140,a1
167103140,a2
167103141,a3
167103141,a4
167103141,a5
167103141,a6
167103141,a7
167103141,a8
167103141,a2
167103145,a8
167103147,a6
167103153,a8
167103154,a3
167103163,a2
167103163,a3
167103163,a4
167103163,a5
167103163,a6
167103163,a7
167103163,a8
167103163,a8
167103171,a6
167103173,a3
167103174,a5
167103181,a7
167103182,a3
167103183,a7
167103185,b
167103186,a2
167103186,a3
167103186,a4
167103186,a5
167103186,a6
167103186,a7
167103186,a7
167103186,a8
167103191,a2
167103192,a7
167103192,a7
167103195,a3
167103196,a5
167103202,a5
167103202,a4
167103205,a8
167103205,a4
167103208,a2
167103208,a3
167103208,a4
167103208,a5
167103208,a6
167103208,a7
167103208,a7
167103210,a6
167103210,a2
167103214,a5
167103217,a4
167103218,a4
167103218,a7
167103218,a7
167103220,a6
167103226,a2
167103230,b
167103230,a1
167103230,a2
167103230,a3
167103230,a4
167103230,a5
167103230,a6
167103230,a7
167103230,a8
167103236,a5
167103236,a3
167103240,a6
167103246,a2
167103247,a3
167103250,a7
167103253,a1
167103253,a2
167103253,a3
167103253,a4
167103253,a5
167103253,a6
167103253,a7
167103253,a8
167103261,a6
167103265,a7
167103266,a2
167103271,a8
167103271,a8
167103271,a8
167103274,a4
167103274,a5
167103275,b
167103275,a1
167103275,a2
167103275,a3
167103275,a3
167103275,a4
167103275,a5
167103275,a7
167103275,a8
167103277,a4
167103281,a3
167103281,a3
167103282,a2
167103287,a4
167103289,a7
167103291,a5
167103294,a3
167103298,a2
167103298,a3
167103298,a4
167103298,a5
167103298,a7
167103298,a8
167103307,a1
167103309,a3
167103311,a5
167103314,a1
167103318,a7
167103319,a7
167103320,init
167103320,b
167103320,a3
167103320,a4
167103320,a5
167103320,a6
167103320,a7
167103320,a8
167103326,a8
167103328,a5
167103330,a7
167103330,a4
167103332,a6
167103332,a2
167103338,a8
167103341,a1
167103343,a2
167103343,a3
167103343,a4
167103343,a5
167103343,a6
167103343,a7
167103343,a8
167103347,a2
167103352,a7
167103355,a5
167103357,a6
167103362,a3
167103365,b
167103366,a1
167103366,a3
167103366,a4
167103366,a5
167103366,a6
167103366,a7
167103366,a8
167103367,a2
167103370,a8
167103372,a5
167103374,a3
167103375,a7
167103376,a4
167103382,a4
167103384,a8
167103384,a3
167103388,a2
167103388,a3
167103388,a4
167103388,a5
167103388,a6
167103388,a8
167103388,a8
167103390,a6
167103391,a4
167103394,a5
167103395,a6
167103396,a4
167103407,a1
167103410,a8
167103411,b
167103411,a1
167103411,a2
167103411,a3
167103411,a4
167103411,a5
167103411,a6
167103411,a7
167103411,a8
167103415,a8
167103420,a6
167103423,a7
167103426,a5
167103431,a8
167103433,a8
167103433,a2
167103433,a3
167103433,a4
167103433,a4
167103433,a5
167103433,a6
167103433,a7
167103433,a8
167103435,a4
167103435,a3
167103442,a6
167103445,a5
167103447,a8
167103451,a3
167103451,a2
167103455,a1
167103456,b
167103456,a2
167103456,a3
167103456,a4
167103456,a4
167103456,a5
167103456,a6
167103456,a7
167103456,a8
167103457,a4
167103457,a4
167103461,a2
167103463,a7
167103466,a4
167103468,a2
167103469,a6
167103471,a5
167103476,a8
167103477,a3
167103478,a2
167103478,a3
167103478,a4
167103478,a5
167103478,a6
167103478,a7
167103478,a8
167103479,a8
167103486,a6
167103487,a4
167103487,a5
167103489,a4
167103494,a2
167103497,a3
167103498,a8
167103500,init
167103500,b
167103500,a1
167103501,a2
167103501,a3
167103501,a4
167103501,a5
167103501,a6
167103501,a7
167103501,a8
167103501,a8
167103503,a7
167103504,a2
167103509,a4
167103512,a6
167103516,a5
167103518,a7
167103519,a3
167103523,a1
167103523,a2
167103523,a3
167103523,a4
167103523,a5
167103523,a7
167103523,a8
167103524,a2
167103525,a3
167103534,a3
167103535,a2
167103536,a5
167103542,a8
167103542,a8
167103545,b
167103546,a2
167103546,a3
167103546,a4
167103546,a7
167103546,a8
167103547,a4
167103547,a7
167103557,a1
167103558,a3
167103559,a7
167103563,a7
167103567,a8
167103568,a1
167103568,a2
167103568,a3
167103568,a4
167103568,a5
167103568,a7
167103568,a8
167103568,a8
167103576,a3
167103582,a5
167103585,a8
167103588,a4
167103591,b
167103591,a2
167103591,a3
167103591,a4
167103591,a5
167103591,a6
167103591,a7
167103591,a7
167103591,a8
167103591,a8
167103593,a8
167103600,a3
167103602,a2
167103603,a2
167103604,a5
167103605,a6
167103606,a7
167103610,a1
167103612,a7
167103613,a2
167103613,a2
167103613,a3
167103613,a4
167103613,a5
167103613,a6
167103613,a7
167103613,a8
167103619,a8
167103622,a6
167103623,a3
167103625,a5
167103632,a1
167103633,a4
167103634,a4
167103635,b
167103635,a2
167103635,a3
167103635,a4
167103635,a4
167103635,a6
167103635,a7
167103635,a8
167103643,a2
167103644,a7
167103647,a6
167103647,a3
167103651,a7
167103656,a8
167103658,a2
167103658,a3
167103658,a4
167103658,a5
167103658,a6
167103658,a7
167103658,a8
167103662,a7
167103663,a8
167103666,a3
167103669,a6
167103677,a2
167103677,a1
167103678,a4
167103678,a4
167103679,a5
167103681,init
167103681,b
167103681,a1
167103681,a2
167103681,a3
167103681,a4
167103681,a5
167103681,a6
167103681,a7
167103681,a8
167103681,a8
167103685,a4
167103686,a6
167103690,a7
167103693,a2
167103693,a3
167103698,a7
167103698,a2
167103703,a2
167103703,a2
167103703,a3
167103703,a4
167103703,a4
167103703,a6
167103703,a7
167103703,a7
167103703,a8
167103706,a8
167103710,a6
167103712,a3
167103716,a8
167103718,a2
167103724,a5
167103726,b
167103726,a2
167103726,a3
167103726,a4
167103726,a5
167103726,a6
167103726,a7
167103726,a7
167103727,a4
167103727,a4
167103727,a4
167103727,a7
167103734,a6
167103735,a4
167103737,a2
167103738,a2
167103738,a4
167103745,a3
167103748,a1
167103748,a2
167103748,a2
167103748,a3
167103748,a4
167103748,a5
167103748,a6
167103748,a7
167103748,a8
167103748,a7
167103750,a5
167103760,a6
167103765,a4
167103770,b
167103771,a2
167103771,a3
167103771,a4
167103771,a5
167103771,a6
167103771,a7
167103771,a8
167103775,a3
167103784,a5
167103789,a2
167103791,a5
167103793,a2
167103793,a2
167103793,a3
167103793,a4
167103793,a5
167103793,a6
167103793,a7
167103793,a8
167103794,a6
167103795,a3
167103796,a2
167103797,a8
167103800,a1
167103801,a4
167103804,a2
167103806,a6
167103807,a7
167103808,a5
167103811,a3
167103813,a4
167103816,b
167103816,a2
167103816,a3
167103816,a4
167103816,a5
167103816,a6
167103816,a7
167103816,a8
167103817,a7
167103819,a8
167103822,a6
167103823,a2
167103836,a5
167103838,a1
167103838,a2
167103838,a3
167103838,a5
167103838,a6
167103838,a7
167103838,a8
167103841,a4
167103847,a6
167103849,a2
167103851,a8
167103852,a3
167103853,a5
167103857,a2
167103857,a3
167103858,a8
167103859,a7
167103861,init
167103861,b
167103861,a2
167103861,a3
167103861,a4
167103861,a5
167103861,a7
167103861,a8
167103869,a4
167103873,a2
167103874,a5
167103878,a3
167103883,a2
167103883,a3
167103883,a4
167103883,a5
167103883,a7
167103883,a8
167103883,a7
167103888,a2
167103890,a5
167103892,a4
167103896,a8
167103900,a7
167103901,a8
167103902,a3
167103905,b
167103905,a3
167103906,a4
167103906,a5
167103906,a7
167103906,a8
167103906,a8
167103912,a7
167103918,a5
167103925,a7
167103928,a2
167103928,a3
167103928,a4
167103928,a5
167103928,a6
167103928,a7
167103928,a8
167103930,a7
167103931,a2
167103935,a5
167103935,a2
167103935,a6
167103942,a1
167103947,a8
167103947,a3
167103948,a3
167103950,b
167103950,a1
167103950,a3
167103950,a4
167103950,a5
167103950,a6
167103950,a8
167103951,a4
167103957,a5
167103958,a6
167103958,a7
167103970,a4
167103972,a3
167103973,a2
167103973,a3
167103973,a6
167103973,a7
167103973,a8
167103976,a8
167103979,a6
167103981,a8
167103985,a7
167103985,a1
167103989,a4
167103993,a3
167103995,b
167103995,a2
167103995,a3
167103995,a4
167103995,a4
167103995,a5
167103995,a6
167103995,a7
167103995,a8
167104001,a8
167104004,a6
167104011,a5
167104016,a4
167104018,a1
167104018,a2
167104018,a3
167104018,a4
167104018,a5
167104018,a6
167104018,a7
167104018,a8
167104020,a3
167104021,a4
167104023,a6
167104026,a2
167104030,a5
167104035,a7
167104036,a7
167104037,a8
167104038,a4
167104040,init
167104040,b
167104040,a2
167104040,a3
167104040,a4
167104040,a6
167104040,a7
167104040,a8
167104041,a2
167104041,a2
167104043,a3
167104048,a6
167104051,a4
167104063,a8
167104063,a2
167104063,a3
167104063,a4
167104063,a5
167104063,a6
167104063,a7
167104063,a8
167104064,a2
167104070,a6
167104079,a5
167104081,a3
167104085,b
167104085,a2
167104086,a3
167104086,a4
167104086,a6
167104086,a8
167104086,a4
167104087,a7
167104093,a6
167104096,a2
167104097,a2
167104098,a1
167104103,a3
167104105,a7
167104107,a8
167104108,a3
167104108,a1
167104108,a2
167104108,a3
167104108,a4
167104108,a6
167104108,a7
167104112,a8
167104114,a6
167104114,a7
167104124,a4
167104127,a2
167104128,a4
167104131,b
167104131,a2
167104131,a3
167104131,a4
167104131,a4
167104131,a5
167104131,a6
167104131,a7
167104131,a8
167104139,a6
167104140,a5
167104145,a7
167104153,a1
167104153,a2
167104153,a3
167104153,a4
167104153,a5
167104153,a6
167104153,a7
167104155,a4
167104155,a4
167104156,a8
167104158,a3
167104164,a2
167104169,a5
167104170,a3
167104175,a8
167104175,b
167104175,a2
167104175,a3
167104175,a4
167104175,a7
167104175,a8
167104178,a6
167104181,a4
167104183,a1
167104183,a7
167104185,a3
167104188,a2
167104198,a1
167104198,a2
167104198,a3
167104198,a3
167104198,a4
167104198,a4
167104198,a5
167104198,a8
167104200,a2
167104202,a3
167104206,a4
167104207,a7
167104208,a3
167104209,a1
167104211,a2
167104211,a5
167104218,a8
167104220,a8
167104221,init
167104221,b
167104221,a2
167104221,a3
167104221,a4
167104221,a5
167104221,a7
167104221,a8
167104221,a4
167104222,a4
167104223,a3
167104227,a3
167104235,a5
167104236,a4
167104238,a7
167104243,a2
167104243,a3
167104243,a4
167104243,a5
167104243,a6
167104243,a7
167104243,a8
167104254,a6
167104256,a5
167104257,a7
167104262,a2
167104265,a8
167104265,b
167104265,a1
167104265,a2
167104265,a3
167104265,a3
167104265,a4
167104265,a5
167104265,a6
167104265,a7
167104270,a3
167104274,a7
167104276,a4
167104276,a6
167104277,a5
167104277,a1
167104279,a8
167104282,a3
167104282,a3
167104287,a2
167104289,a1
167104289,a2
167104289,a3
167104289,a4
167104289,a5
167104289,a6
167104289,a7
167104289,a8
167104290,a4
167104295,a6
167104297,a7
167104299,a4
167104301,a8
167104309,a5
167104311,b
167104311,a2
167104311,a3
167104311,a4
167104311,a5
167104311,a6
167104311,a7
167104311,a8
167104315,a2
167104315,a3
167104316,a3
167104317,a6
167104318,a4
167104319,a7
167104333,a1
167104333,a2
167104333,a3
167104333,a4
167104333,a5
167104333,a7
167104338,a2
167104342,a1
167104344,a7
167104345,a4
167104346,a8
167104354,a5
167104356,b
167104356,a1
167104356,a2
167104356,a3
167104356,a4
167104356,a5
167104356,a6
167104356,a7
167104356,a8
167104358,a3
167104358,a5
167104364,a7
167104364,a3
167104371,a1
167104374,a2
167104376,a1
167104378,a2
167104378,a3
167104378,a4
167104378,a5
167104378,a6
167104378,a7
167104378,a8
167104381,a6
167104383,a5
167104384,a4
167104386,a6
167104386,a7
167104395,a8
167104397,a1
167104398,a3
167104398,a5
167104399,a2
167104401,init
167104401,b
167104401,a1
167104401,a2
167104401,a3
167104401,a4
167104401,a5
167104401,a6
167104401,a7
167104401,a8
167104401,a8
167104409,a7
167104412,a2
167104412,a2
167104412,a6
167104414,a8
167104416,a5
167104420,a4
167104423,a1
167104423,a2
167104423,a3
167104423,a5
167104423,a6
167104423,a7
167104423,a8
167104431,a4
167104434,a6
167104434,a3
167104434,a2
167104435,a7
167104436,a5
167104441,a3
167104442,a1
167104442,a2
167104445,b
167104445,a2
167104445,a3
167104445,a4
167104445,a4
167104445,a5
167104445,a6
167104445,a7
167104445,a8
167104451,a6
167104460,a4
167104460,a5
167104464,a3
167104468,a2
167104468,a3
167104468,a5
167104468,a6
167104468,a7
167104468,a7
167104468,a8
167104469,a8
167104476,a7
167104476,a4
167104477,a6
167104479,a8
167104481,a5
167104483,a7
167104483,a7
167104491,b
167104491,a1
167104491,a2
167104491,a3
167104491,a4
167104491,a5
167104491,a7
167104491,a8
167104496,a2
167104498,a3
167104499,a4
167104502,a5
167104504,a7
167104504,a3
167104511,a1
167104513,a2
167104513,a3
167104513,a4
167104513,a5
167104513,a7
167104513,a8
167104524,a2
167104534,a5
167104535,a1
167104535,b
167104536,a2
167104536,a3
167104536,a4
167104536,a5
167104536,a7
167104536,a8
167104539,a2
167104540,a8
167104543,a4
167104547,a2
167104548,a4
167104553,a3
167104556,a7
167104558,a8
167104558,a2
167104558,a3
167104558,a4
167104558,a5
167104558,a6
167104558,a7
167104558,a8
167104563,a3
167104563,a2
167104565,a2
167104566,a8
167104571,a6
167104575,a8
167104576,a3
167104579,a5
167104581,init
167104581,b
167104581,a2
167104581,a3
167104581,a4
167104581,a5
167104581,a6
167104581,a7
167104581,a7
167104581,a8
167104581,a7
167104581,a4
167104583,a5
167104586,a6
167104586,a3
167104598,a7
167104598,a7
167104603,a1
167104603,a2
167104603,a3
167104603,a3
167104603,a4
167104603,a6
167104603,a7
167104603,a7
167104604,a4
167104609,a7
167104619,a2
167104623,a5
167104623,a8
167104625,b
167104625,a2
167104625,a3
167104625,a4
167104625,a6
167104625,a7
167104625,a8
167104625,a8
167104627,a6
167104627,a7
167104627,a7
167104634,a2
167104636,a6
167104636,a4
167104637,a1
167104644,a3
167104644,a3
167104647,a2
167104648,a2
167104648,a3
167104648,a4
167104648,a5
167104648,a6
167104648,a7
167104648,a8
167104649,a8
167104656,a7
167104658,a6
167104658,a3
167104659,a5
167104660,a7
167104662,a8
167104664,a2
167104666,a3
167104668,a8
167104670,b
167104670,a8
167104671,a2
167104671,a3
167104671,a5
167104671,a6
167104671,a7
167104671,a8
167104674,a4
167104679,a6
167104680,a4
167104686,a5
167104692,a3
167104693,a1
167104693,a2
167104693,a3
167104693,a4
167104693,a5
167104693,a7
167104693,a7
167104693,a8
167104704,a4
167104706,a1
167104710,a7
167104710,a7
167104712,a7
167104716,b
167104716,a2
167104716,a3
167104716,a4
167104716,a5
167104716,a6
167104716,a7
167104716,a8
167104718,a3
167104723,a7
167104725,a3
167104726,a2
167104727,a5
167104728,a6
167104733,a4
167104734,a2
167104736,a5
167104738,a2
167104738,a3
167104738,a4
167104738,a5
167104738,a6
167104738,a7
167104738,a8
167104742,a8
167104743,a6
167104744,a3
167104747,a8
167104753,a2
167104757,a8
167104759,a4
167104759,a8
167104759,a7
167104760,init
167104760,b
167104761,a1
167104761,a2
167104761,a3
167104761,a4
167104761,a4
167104761,a5
167104761,a6
167104761,a7
167104761,a8
167104767,a6
167104769,a2
167104770,a4
167104770,a7
167104775,a4
167104777,a5
167104783,a2
167104783,a2
167104783,a3
167104783,a4
167104783,a5
167104783,a7
167104783,a8
167104788,a8
167104791,a7
167104795,a8
167104797,a1
167104798,a5
167104799,a5
167104800,a3
167104805,b
167104805,a2
167104805,a3
167104805,a5
167104805,a7
167104805,a8
167104809,a2
167104811,a4
167104813,a2
167104819,a5
167104824,a2
167104825,a3
167104825,a3
167104828,a2
167104828,a3
167104828,a4
167104828,a4
167104828,a5
167104828,a6
167104828,a7
167104828,a8
167104835,a5
167104837,a6
167104840,a4
167104840,a4
167104841,a2
167104842,a7
167104847,a3
167104850,b
167104850,a1
167104850,a2
167104850,a3
167104850,a4
167104850,a5
167104850,a6
167104850,a7
167104850,a8
167104854,a8
167104854,a2
167104857,a1
167104860,a6
167104864,a8
167104864,a7
167104865,a1
167104873,a2
167104873,a3
167104873,a4
167104873,a5
167104873,a6
167104873,a7
167104873,a7
167104873,a8
167104873,a8
167104875,a3
167104878,a8
167104881,a4
167104881,a3
167104882,a6
167104882,a7
167104882,a7
167104884,a4
167104889,a5
167104892,a2
167104894,a5
167104895,a7
167104896,b
167104896,a1
167104896,a2
167104896,a3
167104896,a4
167104896,a5
167104896,a6
167104896,a7
167104896,a8
167104909,a6
167104911,a5
167104914,a8
167104914,a8
167104917,a3
167104918,a2
167104918,a3
167104918,a4
167104918,a5
167104918,a6
167104918,a7
167104918,a8
167104920,a2
167104926,a6
167104930,a3
167104931,a2
167104939,a1
167104940,a8
167104941,a1
167104941,init
167104941,b
167104941,a1
167104941,a2
167104941,a3
167104941,a5
167104941,a6
167104941,a7
167104941,a8
167104944,a2
167104952,a6
167104953,a5
167104954,a7
167104960,a3
167104961,a4
167104963,a2
167104963,a3
167104963,a4
167104963,a4
167104963,a5
167104963,a6
167104963,a7
167104963,a8
167104965,a7
167104972,a4
167104972,a4
167104974,a5
167104975,a1
167104978,a6
167104979,a5
167104980,a3
167104985,a8
167104985,b
167104985,a2
167104986,a3
167104986,a4
167104986,a5
167104986,a6
167104986,a7
167104986,a8
167104989,a4
167104989,a8
167104995,a6
167104999,a5
167104999,a7
167105002,a4
167105007,a3
167105008,a1
167105008,a2
167105008,a3
167105009,a4
167105009,a5
167105009,a6
167105009,a7
167105009,a8
167105012,a2
167105016,a2
167105018,a7
167105019,a6
167105021,a5
167105028,a3
167105028,a7
167105030,a8
167105031,b
167105031,a1
167105031,a2
167105031,a3
167105031,a4
167105031,a5
167105031,a6
167105031,a7
167105031,a8
167105033,a2
167105034,a8
167105034,a2
167105042,a4
167105042,a6
167105044,a7
167105046,a5
167105051,a8
167105052,a8
167105053,a2
167105053,a2
167105053,a3
167105053,a4
167105053,a5
167105053,a6
167105053,a8
167105056,a3
167105058,a6
167105059,a5
167105059,a2
167105063,a4
167105075,b
167105075,a1
167105076,a2
167105076,a3
167105076,a3
167105076,a5
167105076,a6
167105076,a7
167105078,a3
167105081,a5
167105082,a2
167105083,a6
167105089,a1
167105095,a7
167105098,a2
167105098,a2
167105098,a3
167105098,a4
167105098,a5
167105098,a6
167105098,a8
167105104,a2
167105104,a5
167105106,a1
167105107,a6
167105109,a7
167105112,a8
167105113,a2
167105114,a4
167105116,a3
167105116,a3
167105120,a8
167105121,init
167105121,b
167105121,a2
167105121,a3
167105121,a4
167105121,a5
167105121,a6
167105121,a6
167105121,a7
167105121,a8
167105122,a2
167105133,a6
167105133,a6
167105133,a2
167105134,a8
167105136,a5
167105137,a3
167105141,a4
167105142,a2
167105142,a3
167105143,a2
167105143,a3
167105143,a4
167105143,a5
167105143,a6
167105143,a7
167105143,a8
167105147,a4
167105149,a5
167105163,a7
167105164,a4
167105165,a7
167105166,b
167105166,a2
167105166,a3
167105166,a3
167105166,a4
167105166,a6
167105166,a7
167105166,a8
167105167,a6
167105178,a6
167105179,a8
167105182,a3
167105188,a1
167105188,a2
167105188,a3
167105188,a4
167105188,a5
167105188,a6
167105188,a7
167105188,a8
167105190,a4
167105193,a3
167105194,a5
167105195,a6
167105199,a2
167105200,a3
167105205,a8
167105210,b
167105210,a1
167105210,a2
167105210,a3
167105210,a4
167105210,a5
167105211,a6
167105211,a7
167105211,a8
167105211,a8
167105213,a4
167105215,a2
167105218,a6
167105219,a3
167105221,a5
167105221,a2
167105224,a8
167105233,a7
167105233,a2
167105233,a3
167105233,a4
167105233,a7
167105233,a8
167105235,a7
167105237,a3
167105241,a4
167105243,a7
167105255,b
167105255,a1
167105255,a2
167105255,a3
167105255,a4
167105255,a5
167105255,a7
167105255,a7
167105255,a8
167105258,a3
167105261,a5
167105262,a2
167105274,a2
167105276,a4
167105277,a4
167105278,a7
167105278,a1
167105278,a2
167105278,a3
167105278,a4
167105278,a5
167105278,a6
167105278,a7
167105278,a8
167105279,a8
167105284,a5
167105286,a6
167105287,a1
167105289,a8
167105295,a4
167105299,a2
167105300,a3
167105300,init
167105300,b
167105301,a2
167105301,a3
167105301,a5
167105301,a6
167105301,a7
167105301,a8
167105303,a3
167105309,a3
167105311,a7
167105312,a2
167105314,a6
167105316,a1
167105323,a2
167105323,a3
167105323,a4
167105323,a5
167105323,a6
167105323,a7
167105323,a8
167105332,a6
167105338,a7
167105340,a3
167105342,a2
167105343,a1
167105346,b
167105346,a1
167105346,a2
167105346,a3
167105346,a4
167105346,a5
167105346,a6
167105346,a7
167105346,a8
167105350,a8
167105352,a7
167105352,a2
167105354,a4
167105356,a5
167105362,a5
167105365,a7
167105367,a3
167105368,a8
167105368,a1
167105368,a2
167105368,a3
167105368,a4
167105368,a5
167105368,a6
167105368,a7
167105368,a8
167105371,a4
167105371,a6
167105371,a2
167105376,a8
167105376,a6
167105380,a3
167105380,a5
167105381,a7
167105384,a5
167105386,a8
167105387,a1
167105391,b
167105391,a2
167105391,a3
167105391,a4
167105391,a5
167105391,a6
167105391,a7
167105391,a8
167105392,a2
167105400,a6
167105406,a2
167105406,a5
167105411,a7
167105413,a1
167105413,a2
167105413,a3
167105413,a4
167105413,a5
167105413,a6
167105413,a7
167105413,a8
167105421,a3
167105426,a5
167105431,a2
167105433,a8
167105435,b
167105435,a1
167105435,a2
167105435,a3
167105435,a4
167105435,a4
167105435,a5
167105436,a6
167105436,a7
167105436,a8
167105436,a4
167105436,a4
167105441,a7
167105446,a7
167105450,a6
167105451,a5
167105451,a4
167105454,a3
167105455,a8
167105455,a3
167105455,a7
167105455,a7
167105458,a1
167105458,a2
167105458,a3
167105458,a4
167105458,a5
167105458,a6
167105458,a7
167105458,a8
167105459,a6
167105460,a8
167105464,a6
167105466,a1
167105469,a3
167105470,a4
167105471,a5
167105473,a8
167105474,a4
167105476,a7
167105480,init
167105480,b
167105481,a3
167105481,a4
167105481,a5
167105481,a6
167105481,a7
167105481,a8
167105481,a8
167105481,a2
167105482,a4
167105487,a6
167105493,a7
167105496,a4
167105502,a3
167105503,a2
167105503,a3
167105503,a4
167105503,a6
167105503,a7
167105503,a8
167105503,a2
167105512,a6
167105520,a7
167105522,a2
167105524,a5
167105525,b
167105525,a2
167105525,a3
167105525,a4
167105525,a5
167105525,a6
167105525,a7
167105525,a8
167105531,a6
167105533,a3
167105534,a4
167105538,a5
167105538,a1
167105543,a3
167105548,a1
167105548,a2
167105548,a3
167105548,a4
167105548,a5
167105548,a6
167105548,a8
167105549,a2
167105549,a4
167105552,a8
167105557,a8
167105557,a6
167105560,a1
167105563,a5
167105564,a4
167105565,a3
167105568,a8
167105568,a8
167105570,b
167105570,a1
167105570,a2
167105570,a3
167105570,a4
167105570,a5
167105570,a6
167105570,a7
167105570,a7
167105580,a6
167105583,a1
167105584,a7
167105586,a5
167105591,a7
167105593,a1
167105593,a2
167105593,a3
167105593,a4
167105593,a6
167105593,a7
167105593,a8
167105593,a8
167105597,a7
167105601,a4
167105603,a6
167105604,a3
167105608,a7
167105610,a3
167105615,b
167105616,a1
167105616,a2
167105616,a3
167105616,a4
167105616,a4
167105616,a5
167105616,a6
167105616,a7
167105616,a8
167105620,a8
167105620,a8
167105621,a2
167105621,a3
167105625,a5
167105628,a8
167105628,a1
167105629,a6
167105631,a7
167105636,a4
167105638,a2
167105638,a3
167105638,a5
167105638,a7
167105638,a8
167105639,a2
167105645,a7
167105645,a1
167105646,a1
167105646,a4
167105646,a4
167105646,a3
167105650,a5
167105659,a2
167105661,init
167105661,b
167105661,a2
167105661,a3
167105661,a4
167105661,a5
167105661,a7
167105661,a8
167105668,a7
167105668,a2
167105670,a3
167105682,a2
167105683,a2
167105683,a2
167105683,a3
167105683,a4
167105683,a5
167105683,a7
167105683,a8
167105687,a8
167105689,a5
167105697,a7
167105706,b
167105706,a1
167105706,a2
167105706,a3
167105706,a4
167105706,a5
167105706,a6
167105706,a7
167105706,a8
167105707,a4
167105708,a3
167105711,a6
167105715,a3
167105717,a2
167105719,a5
167105721,a2
167105722,a5
167105724,a2
167105728,a2
167105728,a3
167105728,a4
167105728,a5
167105728,a6
167105728,a7
167105728,a8
167105732,a8
167105736,a6
167105737,a8
167105741,a5
167105744,a4
167105744,a1
167105746,a2
167105747,a8
167105749,a8
167105750,b
167105750,a2
167105750,a3
167105750,a4
167105750,a5
167105751,a6
167105751,a8
167105751,a4
167105751,a4
167105753,a3
167105757,a5
167105759,a3
167105763,a2
167105768,a7
167105771,a6
167105773,a2
167105773,a3
167105773,a4
167105773,a5
167105773,a6
167105773,a7
167105773,a8
167105777,a2
167105778,a8
167105781,a5
167105785,a6
167105786,a8
167105789,a4
167105794,a7
167105796,b
167105796,a2
167105796,a3
167105796,a4
167105796,a5
167105796,a6
167105796,a7
167105796,a8
167105796,a8
167105802,a7
167105805,a5
167105806,a6
167105807,a4
167105809,a3
167105818,a1
167105818,a2
167105818,a3
167105818,a6
167105818,a7
167105820,a4
167105822,a3
167105824,a2
167105828,a3
167105829,a7
167105832,a6
167105838,a8
167105838,a8
167105841,init
167105841,b
167105841,a2
167105841,a3
167105841,a4
167105841,a5
167105841,a6
167105841,a7
167105841,a8
167105841,a2
167105847,a1
167105848,a5
167105856,a4
167105859,a3
167105860,a7
167105863,a1
167105863,a2
167105863,a3
167105863,a4
167105863,a5
167105863,a6
167105863,a7
167105863,a8
167105865,a6
167105869,a2
167105870,a6
167105871,a2
167105875,a7
167105884,a5
167105885,b
167105886,a2
167105886,a3
167105886,a4
167105886,a4
167105886,a5
167105886,a6
167105886,a7
167105886,a8
167105886,a8
167105888,a3
167105894,a4
167105895,a6
167105897,a3
167105898,a5
167105898,a7
167105905,a7
167105908,a8
167105908,a1
167105908,a1
167105908,a2
167105908,a3
167105908,a5
167105908,a6
167105908,a7
167105908,a8
167105909,a4
167105909,a4
167105911,a2
167105913,a8
167105917,a6
167105921,a1
167105922,a8
167105927,a2
167105929,a7
167105930,b
167105931,a2
167105931,a3
167105931,a4
167105931,a5
167105931,a6
167105931,a7
167105931,a7
167105931,a8
167105933,a5
167105935,a3
167105937,a5
167105940,a7
167105940,a7
167105944,a6
167105947,a4
167105953,a2
167105953,a3
167105953,a4
167105953,a5
167105953,a6
167105953,a7
167105953,a7
167105953,a8
167105961,a6
167105962,a7
167105962,a7
167105964,a4
167105972,a3
167105975,a8
167105975,a8
167105976,b
167105976,a1
167105976,a2
167105976,a3
167105976,a4
167105976,a4
167105976,a5
167105976,a6
167105976,a7
167105976,a8
167105977,a2
167105978,a5
167105979,a2
167105982,a2
167105985,a7
167105987,a6
167105998,a2
167105998,a3
167105998,a4
167105998,a5
167105998,a6
167105998,a7
167105998,a8
167106000,a3
167106000,a3
167106001,a5
167106001,a4
167106003,a8
167106010,a7
167106011,a1
167106013,a6
167106018,a5
167106019,a2
167106021,init
167106021,b
167106021,a1
167106021,a2
167106021,a3
167106021,a3
167106021,a4
167106021,a5
167106021,a6
167106021,a7
167106021,a8
167106021,a4
167106022,a3
167106030,a6
167106032,a3
167106036,a2
167106040,a8
167106041,a8
167106041,a4
167106043,a1
167106043,a2
167106043,a3
167106043,a4
167106043,a5
167106043,a6
167106043,a7
167106043,a8
167106049,a4
167106050,a3
167106050,a7
167106055,a6
167106057,a5
167106059,a4
167106063,a8
167106064,a5
167106065,a2
167106065,b
167106066,a2
167106066,a3
167106066,a4
167106066,a4
167106066,a5
167106066,a6
167106066,a7
167106066,a8
167106072,a5
167106076,a6
167106076,a2
167106078,a4
167106084,a3
167106085,a1
167106085,a3
167106087,a4
167106088,a2
167106088,a3
167106088,a5
167106088,a6
167106088,a6
167106088,a7
167106088,a8
167106090,a7
167106092,a2
167106093,a6
167106093,a6
167106095,a5
167106096,a1
167106105,a2
167106106,a7
167106110,b
167106110,a2
167106110,a3
167106110,a4
167106110,a5
167106110,a6
167106110,a7
167106110,a8
167106112,a3
167106116,a2
167106116,a8
167106117,a6
167106122,a4
167106124,a5
167106133,a1
167106133,a2
167106133,a3
167106133,a4
167106133,a5
167106133,a6
167106133,a7
167106133,a8
167106135,a7
167106141,a6
167106142,a8
167106146,a7
167106147,a1
167106147,a5
167106150,a3
167106151,a7
167106153,a3
167106155,b
167106155,a2
167106155,a3
167106155,a4
167106155,a5
167106155,a6
167106155,a8
167106156,a2
167106161,a4
167106166,a5
167106167,a3
167106167,a6
167106169,a8
167106176,a4
167106178,a1
167106178,a1
167106178,a2
167106178,a3
167106178,a4
167106178,a5
167106178,a6
167106178,a7
167106178,a8
167106178,a2
167106182,a8
167106191,a5
167106192,a8
167106192,a8
167106197,a2
167106198,a3
167106200,init
167106200,b
167106201,a2
167106201,a3
167106201,a4
167106201,a6
167106201,a7
167106201,a8
167106202,a6
167106213,a1
167106214,a6
167106216,a7
167106222,a7
167106223,a2
167106223,a3
167106223,a4
167106223,a6
167106223,a8
167106224,a4
167106228,a3
167106230,a6
167106238,a2
167106238,a4
167106245,b
167106246,a1
167106246,a2
167106246,a3
167106246,a4
167106246,a5
167106246,a6
167106246,a7
167106246,a8
167106248,a3
167106249,a8
167106254,a6
167106255,a4
167106261,a4
167106261,a5
167106265,a3
167106266,a8
167106268,a2
167106268,a2
167106268,a3
167106268,a4
167106268,a4
167106268,a6
167106268,a7
167106268,a8
167106268,a8
167106273,a8
167106273,a6
167106275,a3
167106281,a2
167106283,a4
167106291,b
167106291,a2
167106291,a3
167106291,a4
167106291,a5
167106291,a6
167106291,a7
167106291,a8
167106298,a7
167106301,a4
167106302,a6
167106305,a5
167106307,a7
167106312,a3
167106312,a8
167106313,a1
167106313,a3
167106313,a5
167106313,a6
167106313,a7
167106317,a7
167106321,a8
167106323,a3
167106323,a6
167106325,a2
167106326,a1
167106334,a2
167106336,b
167106336,a2
167106336,a3
167106336,a4
167106336,a5
167106336,a6
167106336,a7
167106336,a8
167106340,a8
167106344,a7
167106345,a4
167106348,a2
167106348,a6
167106348,a2
167106348,a5
167106353,a7
167106356,a5
167106357,a3
167106358,a8
167106358,a3
167106358,a4
167106358,a6
167106358,a7
167106358,a8
167106358,a2
167106368,a6
167106371,a3
167106374,a4
167106381,init
167106381,b
167106381,a1
167106381,a2
167106381,a3
167106381,a4
167106381,a5
167106381,a6
167106381,a8
167106383,a7
167106392,a3
167106394,a6
167106401,a4
167106403,a2
167106403,a3
167106403,a4
167106403,a5
167106403,a6
167106403,a7
167106403,a8
167106407,a6
167106407,a4
167106409,a2
167106411,a1
167106416,a8
167106417,a8
167106418,a2
167106419,a5
167106424,a4
167106424,a5
167106424,a8
167106425,b
167106425,a1
167106425,a2
167106425,a3
167106425,a4
167106425,a6
167106425,a7
167106425,a8
167106426,a7
167106432,a3
167106433,a6
167106445,a3
167106448,a2
167106448,a3
167106448,a4
167106448,a5
167106448,a6
167106448,a7
167106448,a7
167106448,a8
167106448,a7
167106449,a4
167106456,a3
167106459,a2
167106460,a5
167106470,b
167106471,a3
167106471,a4
167106471,a4
167106471,a5
167106471,a6
167106471,a7
167106471,a8
167106473,a8
167106473,a4
167106473,a6
167106474,a8
167106476,a2
167106478,a5
167106481,a6
167106483,a7
167106490,a3
167106493,a2
167106493,a3
167106493,a4
167106493,a5
167106493,a6
167106493,a8
167106498,a6
167106501,a4
167106501,a4
167106503,a3
167106510,a8
167106516,b
167106516,a1
167106516,a2
167106516,a3
167106516,a4
167106516,a5
167106516,a6
167106516,a7
167106516,a8
167106517,a7
167106522,a6
167106526,a5
167106534,a3
167106535,a4
167106535,a5
167106537,a4
167106538,a2
167106538,a3
167106538,a6
167106538,a7
167106538,a8
167106546,a6
167106549,a2
167106558,a8
167106559,a7
167106560,a3
167106561,init
167106561,b
167106561,a1
167106561,a2
167106561,a3
167106561,a4
167106561,a4
167106561,a5
167106561,a6
167106561,a7
167106561,a8
167106565,a8
167106567,a2
167106572,a3
167106572,a6
167106573,a5
167106574,a8
167106578,a4
167106578,a4
167106579,a2
167106583,a1
167106583,a2
167106583,a3
167106583,a4
167106583,a4
167106583,a6
167106583,a7
167106583,a8
167106584,a7
167106590,a2
167106591,a4
167106592,a1
167106594,a3
167106600,a7
167106603,a7
167106603,a8
167106604,a2
167106605,b
167106606,a2
167106606,a3
167106606,a4
167106606,a6
167106606,a7
167106606,a7
167106606,a7
167106606,a8
167106607,a6
167106612,a7
167106618,a6
167106622,a1
167106623,a3
167106628,a2
167106628,a3
167106628,a4
167106628,a5
167106628,a6
167106628,a7
167106628,a7
167106628,a8
167106629,a8
167106630,a7
167106631,a4
167106634,a6
167106636,a7
167106636,a7
167106638,a3
167106640,a7
167106640,a7
167106641,a5
167106646,a2
167106648,a8
167106649,a1
167106650,b
167106650,a1
167106650,a2
167106650,a3
167106650,a4
167106650,a5
167106650,a6
167106650,a7
167106651,a8
167106653,a2
167106658,a3
167106660,a5
167106663,a6
167106665,a8
167106669,a2
167106673,a2
167106673,a4
167106673,a5
167106673,a6
167106673,a7
167106673,a8
167106673,a8
167106673,a4
167106674,a4
167106679,a5
167106681,a6
167106689,a4
167106690,a7
167106691,a8
167106691,a8
167106691,a1
167106691,a7
167106692,a8
167106692,a2
167106695,b
167106695,a2
167106695,a3
167106695,a5
167106695,a7
167106695,a7
167106695,a8
167106702,a5
167106704,a7
167106704,a7
167106712,a4
167106715,a2
167106718,a1
167106718,a2
167106718,a3
167106718,a4
167106718,a5
167106718,a7
167106718,a8
167106739,a3
167106739,a5
167106741,init
167106741,b
167106741,a3
167106741,a4
167106741,a5
167106741,a7
167106741,a7
167106741,a8
167106741,a7
167106751,a8
167106753,a4
167106753,a1
167106762,a8
167106763,a2
167106763,a3
167106763,a4
167106763,a5
167106763,a6
167106763,a6
167106763,a7
167106763,a8
167106764,a4
167106765,a3
167106767,a2
167106767,a7
167106778,a4
167106782,a8
167106783,a6
167106783,a6
167106784,a5
167106785,b
167106786,a2
167106786,a3
167106786,a4
167106786,a5
167106786,a6
167106786,a7
167106786,a8
167106788,a5
167106790,a3
167106792,a7
167106793,a7
167106795,a6
167106797,a3
167106803,a3
167106808,a1
167106808,a3
167106808,a4
167106808,a6
167106808,a7
167106808,a8
167106809,a8
167106810,a2
167106810,a2
167106816,a4
167106821,a8
167106828,a5
167106831,b
167106831,a2
167106831,a3
167106831,a4
167106831,a5
167106831,a6
167106831,a7
167106831,a8
167106832,a4
167106832,a6
167106838,a6
167106839,a3
167106841,a7
167106842,a1
167106843,a7
167106846,a5
167106846,a1
167106847,a4
167106848,a3
167106850,a8
167106853,a2
167106853,a3
167106853,a4
167106853,a5
167106853,a6
167106853,a7
167106853,a8
167106861,a6
167106863,a4
167106864,a3
167106866,a5
167106867,a8
167106872,a2
167106876,b
167106876,a1
167106876,a2
167106876,a3
167106876,a4
167106876,a5
167106876,a6
167106876,a7
167106876,a8
167106882,a6
167106884,a3
167106885,a2
167106888,a7
167106890,a5
167106895,a7
167106898,a2
167106898,a3
167106898,a4
167106898,a5
167106898,a6
167106898,a7
167106898,a8
167106898,a2
167106901,a4
167106905,a2
167106908,a6
167106910,a3
167106910,a1
167106911,a5
167106911,a8
167106913,a7
167106920,a8
167106921,init
167106921,b
167106921,a2
167106921,a3
167106921,a4
167106921,a5
167106921,a7
167106921,a8
167106932,a4
167106932,a5
167106936,a7
167106940,a7
167106942,a3
167106943,a8
167106943,a1
167106943,a2
167106943,a3
167106943,a4
167106943,a5
167106943,a7
167106943,a8
167106950,a2
167106955,a3
167106961,a8
167106964,a7
167106964,a5
167106965,b
167106965,a2
167106965,a3
167106965,a5
167106965,a8
167106972,a2
167106988,a8
167106989,a2
167106989,a3
167106989,a4
167106989,a6
167106989,a7
167106989,a2
167106991,a3
167106994,a6
167106999,a7
167107003,a4
167107007,a8
167107009,a5
167107010,b
167107011,a2
167107011,a3
167107011,a4
167107011,a4
167107011,a5
167107011,a6
167107011,a7
167107011,a8
167107019,a4
167107021,a2
167107022,a6
167107024,a3
167107027,a3
167107030,a2
167107031,a4
167107033,a1
167107033,a2
167107033,a3
167107033,a5
167107033,a6
167107033,a7
167107033,a8
167107033,a4
167107036,a5
167107038,a4
167107041,a6
167107046,a1
167107055,b
167107055,a2
167107055,a3
167107055,a4
167107055,a5
167107055,a6
167107055,a7
167107055,a7
167107055,a8
167107055,a8
167107058,a3
167107063,a8
167107063,a2
167107063,a4
167107070,a5
167107071,a2
167107076,a5
167107076,a6
167107078,a8
167107078,a2
167107078,a3
167107078,a4
167107078,a5
167107078,a6
167107078,a7
167107085,a1
167107087,a3
167107090,a6
167107091,a2
167107093,a5
167107096,a3
167107100,init
167107100,b
167107101,a2
167107101,a3
167107101,a4
167107101,a5
167107101,a7
167107101,a8
167107102,a4
167107104,a8
167107107,a5
167107115,a7
167107115,a7
167107115,a7
167107116,a7
167107120,a3
167107121,a8
167107121,a4
167107123,a2
167107123,a3
167107123,a4
167107123,a4
167107123,a5
167107123,a7
167107123,a8
167107136,a2
167107144,a4
167107146,b
167107146,a1
167107146,a2
167107146,a3
167107146,a5
167107146,a7
167107146,a8
167107152,a3
167107155,a4
167107157,a5
167107160,a2
167107161,a7
167107165,a8
167107168,a2
167107168,a3
167107168,a4
167107168,a5
167107168,a6
167107168,a7
167107168,a8
167107170,a8
167107171,a3
167107179,a5
167107181,a6
167107182,a8
167107183,a2
167107183,a4
167107184,a5
167107188,a7
167107189,a3
167107190,b
167107190,a8
167107191,a2
167107191,a3
167107191,a4
167107191,a5
167107191,a7
167107191,a7
167107191,a8
167107192,a7
167107196,a5
167107208,a7
167107208,a7
167107212,a3
167107213,a1
167107213,a2
167107213,a3
167107213,a4
167107213,a5
167107213,a7
167107218,a5
167107222,a4
167107223,a7
167107223,a4
167107224,a2
167107226,a1
167107228,a7
167107232,a3
167107236,a7
167107236,b
167107236,a2
167107236,a3
167107236,a3
167107236,a4
167107236,a6
167107236,a7
167107236,a8
167107241,a2
167107244,a2
167107244,a3
167107244,a3
167107248,a6
167107249,a7
167107257,a2
167107258,a1
167107258,a2
167107258,a3
167107258,a4
167107258,a5
167107258,a6
167107258,a7
167107258,a8
167107263,a2
167107264,a6
167107266,a4
167107267,a8
167107274,a4
167107277,a3
167107278,a5
167107280,init
167107280,b
167107280,a2
167107280,a3
167107280,a5
167107280,a7
167107280,a8
167107285,a8
167107287,a2
167107289,a7
167107296,a5
167107300,a3
167107300,a8
167107301,a8
167107303,a1
167107303,a2
167107303,a3
167107303,a4
167107303,a5
167107303,a7
167107303,a8
167107314,a4
167107317,a5
167107320,a7
167107325,b
167107326,a2
167107326,a3
167107326,a4
167107326,a5
167107326,a7
167107326,a7
167107326,a8
167107330,a8
167107333,a1
167107333,a5
167107333,a7
167107333,a7
167107338,a7
167107338,a8
167107345,a3
167107348,a1
167107348,a2
167107348,a3
167107348,a4
167107348,a5
167107348,a6
167107348,a6
167107348,a7
167107348,a8
167107356,a7
167107360,a5
167107362,a6
167107362,a6
167107363,a2
167107367,a2
167107370,b
167107370,a2
167107370,a3
167107370,a4
167107370,a4
167107370,a5
167107370,a6
167107370,a7
167107370,a8
167107372,a4
167107374,a4
167107376,a8
167107376,a3
167107377,a5
167107377,a7
167107381,a2
167107385,a6
167107391,a4
167107393,a1
167107393,a2
167107393,a3
167107393,a4
167107393,a4
167107393,a5
167107393,a7
167107393,a8
167107396,a3
167107396,a8
167107398,a3
167107399,a7
167107399,a5
167107400,a3
167107402,a4
167107416,b
167107416,a2
167107416,a3
167107416,a4
167107416,a5
167107416,a6
167107416,a7
167107416,a8
167107416,a8
167107418,a4
167107424,a4
167107425,a6
167107427,a2
167107431,a5
167107432,a1
167107432,a7
167107433,a2
167107437,a1
167107437,a2
167107438,a2
167107438,a3
167107438,a4
167107438,a5
167107438,a6
167107438,a7
167107438,a8
167107449,a6
167107450,a5
167107456,a7
167107458,a4
167107459,a4
167107460,a3
167107461,init
167107461,b
167107461,a1
167107461,a2
167107461,a3
167107461,a4
167107461,a5
167107461,a6
167107461,a7
167107461,a8
167107470,a6
167107473,a2
167107476,a5
167107478,a4
167107479,a3
167107480,a8
167107483,a1
167107483,a2
167107483,a3
167107483,a4
167107483,a5
167107483,a6
167107483,a6
167107483,a7
167107483,a8
167107485,a8
167107489,a2
167107491,a6
167107491,a6
167107492,a5
167107493,a7
167107497,a8
167107501,a1
167107501,a3
167107505,b
167107505,a2
167107505,a3
167107505,a4
167107505,a5
167107505,a6
167107505,a7
167107505,a8
167107505,a8
167107507,a3
167107513,a4
167107514,a6
167107516,a3
167107520,a7
167107522,a5
167107528,a1
167107528,a2
167107528,a3
167107528,a5
167107528,a6
167107528,a8
167107531,a4
167107539,a6
167107540,a2
167107540,a3
167107541,a5
167107550,b
167107551,a2
167107551,a3
167107551,a4
167107551,a5
167107551,a6
167107551,a7
167107551,a8
167107553,a2
167107554,a2
167107558,a1
167107559,a3
167107561,a7
167107565,a5
167107565,a6
167107573,a1
167107573,a2
167107573,a3
167107573,a4
167107573,a6
167107573,a7
167107573,a8
167107577,a8
167107581,a8
167107582,a6
167107583,a3
167107590,a7
167107592,a8
167107593,a8
167107596,b
167107596,a2
167107596,a3
167107596,a4
167107596,a5
167107596,a6
167107596,a7
167107596,a8
167107597,a7
167107604,a1
167107606,a3
167107607,a6
167107609,a5
167107614,a1
167107615,a2
167107618,a1
167107618,a2
167107618,a3
167107618,a4
167107618,a5
167107618,a6
167107618,a7
167107618,a8
167107619,a4
167107619,a4
167107623,a8
167107624,a2
167107629,a6
167107629,a5
167107630,a3
167107630,a8
167107630,a2
167107634,a4
167107635,a7
167107640,a7
167107640,init
167107640,b
167107641,a2
167107641,a3
167107641,a4
167107641,a5
167107641,a6
167107641,a7
167107641,a8
167107646,a6
167107649,a3
167107656,a4
167107657,a2
167107661,a7
167107662,a5
167107663,a1
167107663,a2
167107663,a3
167107663,a4
167107663,a4
167107663,a5
167107663,a6
167107663,a7
167107663,a8
167107666,a2
167107670,a6
167107675,a4
167107675,a4
167107677,a3
167107685,b
167107685,a2
167107685,a3
167107685,a4
167107685,a5
167107685,a6
167107686,a7
167107686,a8
167107686,a2
167107688,a4
167107691,a7
167107693,a1
167107694,a3
167107694,a6
167107698,a2
167107698,a1
167107701,a4
167107706,a5
167107708,a2
167107708,a3
167107708,a4
167107708,a5
167107708,a6
167107708,a7
167107708,a8
167107710,a5
167107711,a8
167107712,a8
167107716,a2
167107720,a6
167107722,a8
167107722,a7
167107728,a3
167107728,a8
167107731,b
167107731,a1
167107731,a2
167107731,a3
167107731,a3
167107731,a4
167107731,a4
167107731,a8
167107739,a4
167107751,a5
167107753,a1
167107753,a2
167107753,a3
167107753,a4
167107753,a5
167107753,a7
167107753,a7
167107753,a8
167107754,a2
167107754,a4
167107754,a4
167107754,a8
167107757,a3
167107757,a3
167107759,a7
167107761,a1
167107762,a7
167107765,a1
167107768,a5
167107770,a4
167107773,a8
167107775,b
167107775,a3
167107775,a4
167107775,a5
167107775,a6
167107775,a7
167107775,a8
167107777,a3
167107785,a5
167107787,a2
167107792,a4
167107794,a1
167107794,a3
167107798,a1
167107798,a2
167107798,a3
167107798,a4
167107798,a6
167107798,a7
167107799,a6
167107800,a7
167107810,a6
167107812,a7
167107820,a8
167107821,init
167107821,b
167107821,a2
167107821,a3
167107821,a4
167107821,a5
167107821,a7
167107821,a8
167107821,a8
167107834,a3
167107835,a2
167107836,a5
167107840,a3
167107843,a1
167107843,a2
167107843,a3
167107843,a4
167107843,a5
167107843,a6
167107843,a7
167107843,a8
167107845,a4
167107846,a7
167107848,a4
167107850,a6
167107856,a5
167107858,a2
167107861,a3
167107862,a8
167107865,a7
167107865,b
167107866,a2
167107866,a3
167107866,a5
167107866,a7
167107866,a7
167107873,a1
167107874,a4
167107875,a7
167107878,a7
167107878,a1
167107880,a5
167107884,a3
167107888,a1
167107888,a2
167107888,a3
167107888,a4
167107888,a4
167107888,a5
167107888,a8
167107889,a2
167107891,a8
167107891,a2
167107896,a2
167107898,a7
167107899,a8
167107901,a5
167107911,b
167107911,a2
167107911,a3
167107911,a4
167107911,a5
167107911,a7
167107911,a8
167107912,a4
167107912,a4
167107922,a5
167107924,a2
167107930,a3
167107930,a3
167107931,a8
167107933,a1
167107933,a2
167107933,a3
167107933,a4
167107933,a5
167107933,a6
167107933,a7
167107933,a8
167107937,a7
167107940,a6
167107954,a3
167107954,a5
167107956,b
167107956,a2
167107956,a3
167107956,a4
167107956,a4
167107956,a5
167107956,a6
167107956,a7
167107956,a8
167107956,a8
167107957,a7
167107958,a4
167107964,a1
167107967,a6
167107968,a1
167107970,a7
167107972,a4
167107975,a3
167107976,a8
167107978,a2
167107978,a3
167107978,a4
167107978,a4
167107978,a5
167107978,a6
167107978,a7
167107978,a7
167107978,a8
167107982,a2
167107982,a6
167107988,a4
167107994,a4
167107998,a7
167107998,a7
167107999,a5
167108000,a8
167108001,init
167108001,b
167108001,a1
167108001,a2
167108001,a3
167108001,a5
167108001,a6
167108001,a7
167108001,a8
167108001,a4
167108003,a3
167108003,a5
167108008,a8
167108008,a8
167108013,a2
167108015,a6
167108015,a7
167108019,a8
167108023,a1
167108023,a2
167108023,a3
167108023,a4
167108023,a5
167108023,a7
167108023,a8
167108023,a8
167108024,a2
167108026,a3
167108029,a5
167108034,a4
167108036,a7
167108043,a5
167108045,a8
167108045,b
167108045,a1
167108045,a2
167108045,a3
167108045,a3
167108045,a4
167108045,a5
167108045,a6
167108046,a7
167108046,a8
167108049,a2
167108055,a5
167108056,a7
167108057,a6
167108058,a2
167108061,a4
167108063,a3
167108064,a1
167108067,a3
167108068,a2
167108068,a3
167108068,a4
167108068,a5
167108068,a6
167108068,a7
167108068,a8
167108069,a4
167108080,a6
167108085,a3
167108089,a5
167108089,a1
167108089,a4
167108090,a8
167108090,a8
167108091,b
167108091,a2
167108091,a3
167108091,a4
167108091,a4
167108091,a5
167108091,a7
167108091,a8
167108094,a8
167108101,a5
167108103,a4
167108104,a2
167108105,a2
167108113,a2
167108113,a3
167108113,a5
167108113,a7
167108113,a8
167108116,a4
167108118,a3
167108124,a2
167108124,a7
167108130,a3
167108132,a7
167108134,a8
167108135,b
167108136,a1
167108136,a2
167108136,a3
167108136,a4
167108136,a5
167108136,a6
167108136,a7
167108136,a8
167108136,a8
167108136,a8
167108139,a8
167108148,a3
167108150,a1
167108151,a7
167108156,a8
167108156,a8
167108157,a5
167108157,a8
167108158,a1
167108158,a2
167108158,a3
167108158,a4
167108158,a5
167108158,a6
167108158,a7
167108158,a7
167108158,a8
167108161,a5
167108162,a3
167108163,a2
167108165,a6
167108166,a4
167108168,a3
167108169,a2
167108173,a6
167108178,a4
167108180,a8
167108181,init
167108181,b
167108181,a2
167108181,a3
167108181,a4
167108181,a6
167108181,a7
167108181,a7
167108181,a8
167108192,a6
167108194,a8
167108195,a8
167108198,a7
167108198,a7
167108200,a5
167108202,a4
167108203,a2
167108203,a4
167108203,a5
167108203,a6
167108203,a7
167108203,a8
167108205,a3
167108212,a1
167108213,a6
167108220,a7
167108221,a7
167108221,a7
167108224,a5
167108224,a2
167108226,b
167108226,a1
167108226,a2
167108226,a3
167108226,a4
167108226,a5
167108226,a6
167108226,a7
167108226,a8
167108228,a4
167108230,a2
167108234,a1
167108235,a4
167108237,a6
167108238,a8
167108246,a5
167108247,a3
167108248,a2
167108248,a3
167108248,a3
167108248,a4
167108249,a4
167108249,a5
167108249,a6
167108249,a7
167108249,a8
167108252,a2
167108256,a7
167108257,a5
167108260,a6
167108260,a3
167108260,a3
167108260,a1
167108263,a2
167108265,a8
167108265,a7
167108270,b
167108271,a2
167108271,a3
167108271,a5
167108271,a6
167108271,a7
167108271,a8
167108271,a8
167108279,a4
167108282,a5
167108282,a7
167108284,a8
167108284,a6
167108292,a3
167108293,a7
167108293,a2
167108293,a3
167108293,a4
167108293,a5
167108293,a6
167108293,a7
167108293,a8
167108298,a6
167108301,a3
167108305,a2
167108307,a5
167108308,a2
167108309,a4
167108315,b
167108315,a1
167108315,a2
167108315,a3
167108315,a4
167108315,a5
167108315,a8
167108321,a5
167108326,a2
167108329,a7
167108331,a4
167108338,a2
167108338,a3
167108338,a4
167108338,a5
167108338,a7
167108338,a8
167108339,a8
167108340,a3
167108342,a2
167108344,a4
167108348,a3
167108349,a8
167108353,a5
167108357,a2
167108359,a4
167108360,init
167108360,b
167108360,a2
167108360,a3
167108360,a4
167108360,a4
167108360,a4
167108360,a5
167108360,a7
167108360,a8
167108361,a7
167108373,a5
167108376,a4
167108378,a2
167108381,a7
167108383,a2
167108383,a3
167108383,a5
167108383,a6
167108383,a7
167108383,a8
167108389,a7
167108391,a1
167108392,a2
167108395,a5
167108395,a6
167108405,b
167108405,a2
167108405,a3
167108405,a4
167108405,a6
167108405,a7
167108405,a8
167108407,a3
167108408,a3
167108410,a8
167108415,a6
167108417,a3
167108426,a4
167108428,a8
167108428,a1
167108428,a2
167108428,a3
167108428,a4
167108428,a5
167108428,a6
167108428,a7
167108430,a7
167108435,a6
167108437,a8
167108437,a4
167108437,a4
167108438,a4
167108446,a8
167108449,a5
167108451,b
167108451,a1
167108451,a2
167108451,a3
167108451,a4
167108451,a5
167108451,a7
167108451,a8
167108451,a2
167108456,a2
167108457,a5
167108465,a7
167108468,a3
167108472,a3
167108473,a1
167108473,a2
167108473,a3
167108473,a4
167108473,a6
167108473,a7
167108473,a7
167108473,a8
167108475,a2
167108481,a7
167108481,a7
167108484,a3
167108485,a6
167108492,a2
167108493,a7
167108496,b
167108496,a3
167108496,a4
167108496,a6
167108496,a7
167108496,a8
167108496,a4
167108503,a6
167108515,a7
167108516,a4
167108516,a3
167108516,a8
167108517,a4
167108518,a1
167108518,a2
167108518,a3
167108518,a4
167108518,a5
167108518,a6
167108518,a7
167108518,a8
167108525,a2
167108526,a6
167108528,a3
167108535,a4
167108537,a8
167108538,a5
167108540,init
167108540,b
167108540,a2
167108540,a3
167108540,a4
167108540,a6
167108540,a7
167108540,a8
167108542,a8
167108548,a1
167108551,a6
167108551,a2
167108553,a1
167108555,a8
167108563,a2
167108563,a3
167108563,a4
167108563,a4
167108563,a6
167108563,a7
167108563,a8
167108563,a8
167108564,a7
167108571,a4
167108574,a6
167108575,a2
167108586,b
167108586,a1
167108586,a2
167108586,a3
167108586,a4
167108586,a5
167108586,a6
167108586,a7
167108586,a7
167108586,a8
167108588,a3
167108590,a4
167108590,a5
167108593,a6
167108596,a7
167108603,a7
167108605,a3
167108608,a2
167108608,a3
167108608,a4
167108608,a4
167108608,a5
167108608,a6
167108608,a7
167108608,a8
167108613,a6
167108619,a2
167108622,a7
167108624,a1
167108626,a7
167108626,a7
167108630,b
167108630,a2
167108631,a3
167108631,a4
167108631,a5
167108631,a6
167108631,a7
167108631,a8
167108631,a4
167108631,a4
167108631,a2
167108631,a4
167108632,a3
167108634,a8
167108635,a3
167108638,a6
167108639,a8
167108644,a7
167108647,a4
167108650,a8
167108651,a5
167108651,a8
167108651,a5
167108653,a1
167108653,a2
167108653,a3
167108653,a4
167108653,a5
167108653,a6
167108653,a7
167108653,a8
167108653,a8
167108661,a5
167108661,a6
167108669,a4
167108672,a3
167108675,b
167108676,a2
167108676,a3
167108676,a5
167108676,a8
167108680,a8
167108680,a8
167108686,a5
167108688,a8
167108698,a1
167108698,a2
167108698,a3
167108698,a4
167108698,a4
167108698,a7
167108698,a8
167108698,a2
167108700,a4
167108701,a7
167108704,a2
167108710,a4
167108710,a4
167108712,a2
167108716,a3
167108717,a3
167108720,init
167108720,b
167108720,a1
167108720,a2
167108720,a3
167108720,a4
167108720,a4
167108720,a6
167108720,a7
167108720,a8
167108722,a3
167108723,a2
167108724,a8
167108730,a6
167108733,a2
167108736,a4
167108743,a2
167108743,a3
167108743,a5
167108743,a6
167108743,a7
167108743,a8
167108745,a3
167108749,a5
167108750,a6
167108752,a4
167108753,a3
167108755,a1
167108756,a7
167108756,a8
167108762,a1
167108765,b
167108765,a2
167108765,a3
167108765,a4
167108765,a5
167108765,a6
167108765,a7
167108765,a8
167108772,a6
167108773,a8
167108775,a3
167108780,a5
167108783,a7
167108788,a1
167108788,a2
167108788,a3
167108788,a4
167108788,a7
167108789,a4
167108789,a8
167108789,a7
167108798,a3
167108801,a1
167108804,a4
167108807,a2
167108810,a2
167108811,b
167108811,a1
167108811,a2
167108811,a3
167108811,a4
167108811,a5
167108811,a7
167108811,a8
167108811,a8
167108815,a7
167108816,a2
167108820,a7
167108822,a5
167108823,a1
167108827,a3
167108829,a2
167108831,a4
167108833,a1
167108833,a2
167108833,a3
167108833,a4
167108833,a4
167108833,a5
167108833,a7
167108833,a8
167108835,a8
167108835,a8
167108844,a5
167108848,a4
167108849,a1
167108852,a2
167108853,a7
167108854,a3
167108856,b
167108856,a2
167108856,a2
167108856,a3
167108856,a5
167108856,a6
167108856,a7
167108856,a8
167108861,a4
167108862,a5
167108864,a6
167108864,a2
167108868,a1
167108878,a1
167108878,a2
167108878,a3
167108878,a4
167108878,a5
167108878,a6
167108878,a7
167108878,a8
167108879,a2
167108880,a3
167108882,a8
167108884,a7
167108886,a6
167108891,a5
167108896,a7
167108897,a3
167108900,a8
167108900,init
167108900,b
167108900,a2
167108900,a3
167108900,a4
167108900,a5
167108900,a6
167108900,a7
167108900,a8
167108905,a5
167108907,a7
167108907,a2
167108908,a6
167108908,a4
167108909,a4
167108920,a3
167108924,a2
167108924,a3
167108924,a3
167108924,a4
167108924,a6
167108924,a7
167108927,a8
167108933,a6
167108934,a4
167108934,a7
167108935,a7
167108940,a8
167108942,a3
167108942,a3
167108945,b
167108945,a1
167108945,a2
167108945,a3
167108945,a4
167108945,a5
167108945,a6
167108945,a7
167108945,a8
167108950,a5
167108951,a6
167108953,a1
167108955,a4
167108958,a2
167108964,a3
167108968,a7
167108968,a2
167108968,a3
167108968,a4
167108968,a6
167108968,a7
167108968,a8
167108973,a2
167108975,a6
167108976,a7
167108978,a3
167108979,a2
167108980,a1
167108984,a4
167108987,a2
167108990,b
167108990,a2
167108990,a3
167108990,a4
167108990,a6
167108990,a7
167108990,a8
167108994,a8
167108998,a2
167108998,a6
167109005,a7
167109011,a4
167109013,a2
167109013,a3
167109013,a4
167109013,a5
167109013,a6
167109013,a7
167109013,a8
167109015,a3
167109022,a2
167109025,a3
167109027,a6
167109028,a7
167109029,a5
167109030,a8
167109034,a4
167109035,a8
167109036,b
167109036,a1
167109036,a2
167109036,a3
167109036,a4
167109036,a4
167109036,a6
167109036,a7
167109036,a8
167109036,a8
167109041,a6
167109043,a2
167109057,a3
167109058,a1
167109058,a2
167109058,a3
167109058,a4
167109058,a5
167109058,a6
167109058,a7
167109058,a8
167109059,a4
167109060,a4
167109064,a6
167109073,a5
167109080,a7
167109080,a3
167109081,init
167109081,b
167109081,a2
167109081,a3
167109081,a4
167109081,a5
167109081,a6
167109081,a7
167109081,a8
167109085,a8
167109085,a8
167109085,a6
167109085,a8
167109087,a2
167109089,a4
167109093,a5
167109095,a8
167109096,a1
167109103,a1
167109103,a2
167109103,a3
167109103,a4
167109103,a4
167109103,a5
167109103,a6
167109103,a7
167109103,a7
167109103,a8
167109106,a8
167109108,a6
167109109,a2
167109110,a1
167109115,a5
167109117,a3
167109122,a3
167109123,a4
167109124,a4
167109124,a4
167109125,b
167109126,a2
167109126,a3
167109126,a4
167109126,a5
167109126,a6
167109126,a7
167109126,a8
167109126,a2
167109126,a7
167109126,a7
167109127,a7
167109127,a8
167109133,a6
167109138,a7
167109140,a5
167109143,a4
167109143,a7
167109148,a1
167109148,a2
167109148,a3
167109148,a4
167109148,a4
167109148,a5
167109148,a6
167109148,a7
167109148,a8
167109152,a6
167109153,a8
167109154,a5
167109156,a4
167109156,a7
167109159,a2
167109166,a3
167109167,a2
167109170,b
167109170,a3
167109171,a4
167109171,a5
167109171,a6
167109171,a7
167109171,a8
167109177,a5
167109179,a3
167109181,a6
167109188,a3
167109193,a1
167109193,a2
167109193,a3
167109193,a4
167109193,a5
167109193,a7
167109193,a8
167109196,a4
167109197,a7
167109198,a5
167109203,a7
167109204,a8
167109216,b
167109216,a2
167109216,a3
167109216,a5
167109216,a7
167109216,a7
167109216,a8
167109217,a8
167109219,a3
167109219,a8
167109223,a2
167109223,a3
167109231,a5
167109232,a2
167109238,a2
167109238,a3
167109238,a4
167109238,a5
167109238,a7
167109238,a8
167109239,a4
167109249,a5
167109251,a2
167109254,a4
167109258,a3
167109260,a8
167109260,a8
167109260,init
167109260,b
167109261,a2
167109261,a3
167109261,a4
167109261,a5
167109261,a6
167109261,a7
167109261,a8
167109261,a4
167109268,a3
167109268,a1
167109271,a7
167109282,a7
167109283,a7
167109283,a7
167109283,a1
167109283,a2
167109283,a3
167109283,a4
167109283,a5
167109283,a6
167109283,a7
167109283,a8
167109285,a8
167109286,a6
167109295,a2
167109297,a5
167109298,a7
167109299,a4
167109304,a5
167109305,a3
167109306,b
167109306,a2
167109306,a3
167109306,a4
167109306,a5
167109306,a6
167109306,a7
167109306,a8
167109309,a6
167109312,a5
167109315,a6
167109316,a7
167109317,a4
167109321,a2
167109325,a3
167109328,a1
167109328,a2
167109328,a3
167109328,a5
167109328,a6
167109328,a7
167109328,a8
167109330,a4
167109336,a6
167109338,a7
167109339,a8
167109341,a5
167109343,a2
167109350,b
167109351,a2
167109351,a3
167109351,a4
167109351,a5
167109351,a6
167109351,a7
167109351,a8
167109357,a7
167109358,a6
167109361,a3
167109364,a5
167109366,a4
167109369,a8
167109373,a1
167109373,a2
167109373,a3
167109373,a4
167109373,a5
167109373,a6
167109373,a7
167109373,a8
167109376,a8
167109380,a6
167109384,a2
167109385,a5
167109390,a7
167109391,a3
167109395,b
167109395,a2
167109395,a3
167109395,a3
167109395,a4
167109395,a5
167109395,a6
167109395,a7
167109395,a7
167109395,a8
167109401,a2
167109402,a6
167109402,a7
167109404,a2
167109404,a7
167109404,a4
167109405,a3
167109417,a2
167109418,a2
167109418,a2
167109418,a3
167109418,a4
167109418,a5
167109418,a6
167109418,a7
167109418,a8
167109419,a4
167109421,a8
167109421,a8
167109422,a3
167109423,a2
167109424,a2
167109428,a6
167109429,a8
167109434,a4
167109438,a8
167109438,a5
167109440,init
167109440,b
167109441,a2
167109441,a3
167109441,a4
167109441,a5
167109441,a6
167109441,a7
167109441,a7
167109441,a8
167109447,a5
167109450,a7
167109450,a7
167109452,a6
167109458,a3
167109459,a3
167109460,a8
167109462,a5
167109463,a1
167109463,a2
167109463,a3
167109463,a4
167109463,a5
167109463,a6
167109463,a7
167109463,a8
167109472,a4
167109477,a3
167109478,a4
167109482,a1
167109483,a6
167109485,b
167109485,a2
167109485,a3
167109486,a4
167109486,a6
167109486,a7
167109486,a8
167109489,a8
167109490,a3
167109492,a7
167109492,a7
167109493,a1
167109500,a2
167109504,a3
167109504,a2
167109506,a5
167109506,a4
167109508,a2
167109508,a3
167109508,a5
167109508,a6
167109508,a7
167109508,a8
167109514,a5
167109519,a2
167109519,a6
167109523,a6
167109528,a7
167109530,b
167109530,a2
167109530,a3
167109530,a4
167109530,a5
167109530,a6
167109530,a7
167109530,a8
167109531,a7
167109538,a6
167109544,a5
167109548,a3
167109549,a8
167109552,a3
167109553,a1
167109553,a2
167109553,a3
167109553,a4
167109553,a5
167109553,a6
167109553,a7
167109553,a8
167109559,a6
167109560,a5
167109564,a2
167109567,a8
167109567,a4
167109569,a7
167109571,a2
167109574,a2
167109575,a3
167109576,b
167109576,a2
167109576,a3
167109576,a4
167109576,a5
167109576,a6
167109576,a7
167109576,a8
167109587,a6
167109589,a4
167109589,a3
167109590,a5
167109591,a7
167109593,a8
167109597,a7
167109598,a1
167109598,a2
167109598,a3
167109598,a3
167109598,a4
167109598,a5
167109598,a6
167109598,a7
167109598,a8
167109606,a6
167109607,a4
167109609,a3
167109611,a2
167109617,a8
167109620,init
167109620,b
167109620,a2
167109620,a3
167109620,a4
167109620,a5
167109620,a6
167109620,a7
167109620,a8
167109622,a7
167109626,a6
167109627,a2
167109628,a1
167109634,a5
167109635,a8
167109638,a3
167109639,a3
167109641,a5
167109641,a4
167109641,a1
167109643,a8
167109643,a2
167109643,a3
167109643,a5
167109643,a6
167109643,a7
167109643,a8
167109644,a4
167109650,a6
167109659,a5
167109665,a3
167109666,b
167109666,a1
167109666,a2
167109666,a3
167109666,a4
167109666,a5
167109666,a6
167109666,a7
167109666,a8
167109670,a5
167109672,a6
167109677,a2
167109683,a7
167109683,a7
167109683,a3
167109687,a8
167109688,a2
167109688,a3
167109688,a4
167109688,a6
167109688,a7
167109688,a8
167109689,a2
167109692,a2
167109692,a8
167109696,a6
167109697,a4
167109710,b
167109710,a1
167109710,a2
167109711,a3
167109711,a4
167109711,a5
167109711,a6
167109711,a7
167109711,a8
167109719,a6
167109720,a7
167109722,a4
167109725,a5
167109727,a3
167109728,a7
167109729,a3
167109730,a4
167109732,a8
167109733,a2
167109733,a3
167109733,a4
167109733,a5
167109733,a6
167109733,a7
167109733,a8
167109735,a7
167109736,a8
167109742,a6
167109748,a5
167109752,a2
167109753,a3
167109753,a8
167109754,a4
167109754,a8
167109756,b
167109756,a1
167109756,a2
167109756,a3
167109756,a4
167109756,a5
167109756,a6
167109756,a7
167109756,a8
167109761,a2
167109763,a5
167109766,a6
167109768,a2
167109769,a1
167109773,a7
167109773,a7
167109774,a3
167109778,a1
167109778,a2
167109778,a3
167109778,a4
167109778,a5
167109778,a6
167109778,a7
167109778,a8
167109786,a3
167109787,a4
167109788,a4
167109788,a6
167109791,a5
167109794,a2
167109800,a8
167109801,init
167109801,b
167109801,a1
167109801,a2
167109801,a3
167109801,a4
167109801,a4
167109801,a5
167109801,a6
167109801,a7
167109801,a7
167109801,a8
167109802,a7
167109805,a2
167109807,a7
167109808,a6
167109811,a7
167109813,a1
167109814,a8
167109814,a8
167109815,a4
167109817,a3
167109822,a4
167109822,a5
167109824,a2
167109824,a3
167109824,a4
167109824,a5
167109824,a6
167109824,a7
167109824,a2
167109829,a6
167109834,a3
167109835,a2
167109836,a5
167109841,a1
167109845,b
167109846,a2
167109846,a3
167109846,a4
167109846,a5
167109846,a7
167109846,a8
167109848,a4
167109859,a7
167109860,a1
167109860,a5
167109861,a4
167109868,a1
167109868,a2
167109868,a3
167109868,a4
167109868,a5
167109868,a7
167109868,a8
167109869,a2
167109878,a3
167109881,a8
167109885,a7
167109887,a2
167109887,a3
167109888,a7
167109889,a5
167109890,b
167109891,a1
167109891,a2
167109891,a3
167109891,a4
167109891,a4
167109891,a7
167109891,a8
167109901,a2
167109906,a7
167109907,a8
167109913,a1
167109913,a1
167109913,a2
167109913,a3
167109913,a4
167109913,a5
167109913,a6
167109913,a7
167109913,a8
167109914,a8
167109914,a4
167109914,a4
167109916,a4
167109920,a6
167109921,a5
167109923,a3
167109926,a8
167109936,b
167109937,a2
167109937,a3
167109937,a4
167109937,a5
167109937,a6
167109937,a7
167109937,a8
167109938,a2
167109940,a3
167109943,a7
167109944,a4
167109948,a1
167109953,a3
167109955,a2
167109958,a2
167109958,a3
167109958,a4
167109958,a5
167109958,a6
167109958,a7
167109958,a8
167109961,a5
167109961,a6
167109964,a5
167109968,a6
167109970,a7
167109971,a3
167109979,a7
167109981,init
167109981,b
167109981,a1
167109981,a2
167109981,a3
167109981,a4
167109981,a5
167109981,a6
167109981,a7
167109981,a8
167109982,a8
167109984,a4
167109987,a5
167109988,a2
167109988,a2
167109988,a3
167109991,a8
167109994,a6
167109996,a4
167109999,a7
167110001,a4
167110003,a2
167110003,a3
167110003,a5
167110003,a6
167110003,a8
167110016,a3
167110017,a5
167110025,b
167110025,a2
167110025,a3
167110025,a4
167110025,a5
167110025,a7
167110025,a8
167110028,a6
167110036,a7
167110044,a3
167110044,a2
167110048,a2
167110048,a3
167110048,a4
167110048,a5
167110048,a8
167110051,a5
167110052,a8
167110056,a3
167110057,a1
167110070,a2
167110070,a8
167110070,b
167110071,a2
167110071,a3
167110071,a4
167110071,a6
167110071,a7
167110071,a8
167110071,a8
167110076,a3
167110078,a6
167110078,a8
167110079,a4
167110084,a7
167110087,a2
167110088,a8
167110093,a1
167110093,a2
167110093,a3
167110093,a4
167110093,a5
167110093,a6
167110093,a6
167110093,a7
167110093,a7
167110096,a2
167110103,a6
167110103,a6
167110104,a4
167110109,a4
167110109,a4
167110109,a5
167110115,a3
167110115,b
167110116,a3
167110116,a4
167110116,a6
167110116,a7
167110116,a8
167110116,a2
167110125,a6
167110128,a1
167110133,a7
167110135,a5
167110136,a8
167110136,a8
167110137,a3
167110138,a2
167110138,a3
167110138,a4
167110138,a5
167110138,a6
167110138,a7
167110138,a8
167110144,a3
167110144,a7
167110144,a7
167110147,a5
167110150,a2
167110153,a6
167110158,a7
167110161,init
167110161,b
167110161,a2
167110161,a3
167110161,a4
167110161,a5
167110161,a6
167110161,a7
167110161,a7
167110161,a8
167110162,a4
167110169,a6
167110172,a3
167110172,a4
167110173,a5
167110180,a8
167110183,a1
167110183,a2
167110183,a2
167110183,a3
167110183,a4
167110183,a5
167110183,a6
167110183,a7
167110183,a7
167110183,a8
167110185,a8
167110193,a4
167110195,a6
167110196,a5
167110197,a8
167110199,a4
167110200,a3
167110205,a8
167110206,b
167110206,a2
167110206,a3
167110206,a5
167110206,a6
167110206,a7
167110206,a8
167110206,a7
167110206,a7
167110209,a2
167110211,a2
167110212,a7
167110216,a2
167110220,a6
167110222,a5
167110222,a1
167110228,a2
167110228,a3
167110228,a4
167110228,a5
167110228,a6
167110228,a6
167110228,a7
167110228,a8
167110229,a2
167110234,a5
167110235,a7
167110235,a7
167110237,a6
167110237,a6
167110240,a4
167110244,a2
167110247,a3
167110247,a3
167110250,b
167110251,a1
167110251,a3
167110251,a6
167110251,a7
167110251,a8
167110253,a7
167110262,a6
167110264,a7
167110272,a3
167110273,a2
167110273,a4
167110273,a5
167110273,a6
167110273,a7
167110273,a8
167110277,a8
167110281,a2
167110282,a8
167110284,a6
167110284,a5
167110289,a1
167110291,a7
167110292,a8
167110293,a8
167110295,b
167110295,a1
167110295,a3
167110295,a4
167110295,a6
167110295,a7
167110295,a8
167110301,a6
167110309,a7
167110315,a3
167110318,a2
167110318,a3
167110318,a3
167110318,a4
167110318,a5
167110318,a6
167110318,a7
167110318,a8
167110319,a4
167110323,a8
167110325,a6
167110327,a4
167110330,a8
167110330,a5
167110333,a7
167110340,init
167110340,b
167110341,a1
167110341,a3
167110341,a4
167110341,a5
167110341,a6
167110341,a7
167110341,a8
167110344,a3
167110344,a3
167110349,a6
167110361,a5
167110363,a2
167110363,a3
167110363,a4
167110363,a5
167110363,a6
167110364,a4
167110365,a3
167110374,a2
167110375,a6
167110378,a5
167110383,a4
167110385,b
167110385,a2
167110385,a3
167110385,a4
167110385,a5
167110385,a7
167110385,a8
167110391,a2
167110399,a5
167110399,a8
167110400,a1
167110402,a4
167110403,a3
167110408,a2
167110408,a3
167110408,a4
167110408,a4
167110408,a7
167110408,a8
167110420,a4
167110423,a4
167110425,a3
167110427,a8
167110430,a3
167110431,b
167110431,a1
167110431,a2
167110431,a3
167110431,a4
167110431,a5
167110431,a6
167110431,a8
167110432,a4
167110433,a7
167110437,a1
167110438,a5
167110443,a2
167110445,a1
167110448,a7
167110452,a8
167110453,a2
167110453,a3
167110453,a4
167110453,a5
167110453,a6
167110453,a7
167110454,a6
167110455,a2
167110458,a8
167110462,a4
167110465,a2
167110465,a5
167110465,a6
167110472,a2
167110473,a7
167110475,b
167110475,a1
167110476,a2
167110476,a3
167110476,a4
167110476,a5
167110476,a6
167110476,a7
167110476,a8
167110476,a8
167110476,a4
167110481,a3
167110482,a5
167110482,a6
167110492,a4
167110493,a3
167110498,a3
167110498,a4
167110498,a6
167110498,a7
167110498,a8
167110507,a6
167110515,a7
167110520,a1
167110520,init
167110520,b
167110521,a1
167110521,a2
167110521,a3
167110521,a4
167110521,a4
167110521,a5
167110521,a6
167110521,a7
167110521,a8
167110521,a8
167110521,a8
167110523,a7
167110525,a3
167110527,a5
167110529,a6
167110531,a7
167110532,a3
167110533,a1
167110539,a3
167110541,a4
167110541,a4
167110543,a1
167110543,a3
167110543,a4
167110543,a4
167110543,a5
167110543,a6
167110543,a7
167110543,a8
167110543,a2
167110544,a4
167110550,a1
167110554,a8
167110554,a4
167110555,a4
167110557,a6
167110558,a5
167110561,a1
167110563,a3
167110564,a8
167110564,a7
167110565,b
167110565,a2
167110565,a3
167110565,a4
167110565,a5
167110565,a6
167110565,a7
167110565,a8
167110572,a6
167110574,a1
167110576,a2
167110578,a5
167110586,a8
167110588,a2
167110588,a3
167110588,a4
167110588,a5
167110588,a6
167110588,a7
167110588,a8
167110589,a2
167110590,a4
167110593,a2
167110595,a3
167110599,a6
167110604,a5
167110604,a7
167110606,a3
167110608,a7
167110611,b
167110611,a2
167110611,a3
167110611,a4
167110611,a5
167110611,a6
167110611,a7
167110611,a8
167110611,a8
167110613,a7
167110616,a2
167110618,a6
167110620,a5
167110621,a7
167110624,a8
167110633,a1
167110633,a2
167110633,a3
167110633,a4
167110633,a6
167110633,a7
167110633,a8
167110634,a4
167110635,a4
167110639,a6
167110643,a3
167110647,a8
167110651,a3
167110655,b
167110655,a7
167110655,a1
167110655,a2
167110655,a3
167110656,a4
167110656,a4
167110656,a4
167110656,a5
167110656,a6
167110656,a7
167110656,a8
167110666,a3
167110667,a6
167110671,a5
167110673,a4
167110675,a4
167110677,a4
167110677,a4
167110678,a2
167110678,a3
167110678,a4
167110678,a5
167110678,a7
167110678,a8
167110678,a8
167110678,a7
167110684,a2
167110686,a3
167110691,a5
167110693,a7
167110700,a1
167110700,init
167110700,b
167110701,a1
167110701,a2
167110701,a3
167110701,a4
167110701,a5
167110701,a6
167110701,a7
167110701,a8
167110704,a2
167110708,a6
167110709,a4
167110712,a3
167110713,a1
167110715,a5
167110721,a8
167110723,a1
167110723,a2
167110723,a3
167110723,a4
167110723,a4
167110723,a5
167110723,a6
167110723,a7
167110723,a7
167110723,a8
167110726,a4
167110727,a8
167110727,a8
167110728,a8
167110728,a6
167110736,a5
167110738,a2
167110741,a8
167110741,a1
167110745,b
167110745,a2
167110745,a3
167110745,a4
167110745,a4
167110745,a6
167110746,a7
167110746,a7
167110746,a8
167110747,a8
167110749,a2
167110752,a3
167110752,a6
167110758,a2
167110759,a3
167110764,a1
167110768,a2
167110768,a5
167110768,a6
167110768,a7
167110768,a8
167110769,a4
167110770,a7
167110770,a7
167110774,a7
167110775,a6
167110780,a5
167110783,a2
167110786,a7
167110790,b
167110791,a2
167110791,a3
167110791,a4
167110791,a5
167110791,a6
167110791,a7
167110791,a4
167110794,a8
167110798,a6
167110802,a2
167110806,a4
167110806,a4
167110807,a2
167110810,a3
167110812,a5
167110813,a1
167110813,a2
167110813,a3
167110813,a4
167110813,a5
167110813,a6
167110813,a7
167110813,a8
167110819,a2
167110820,a7
167110820,a7
167110821,a6
167110829,a4
167110831,a3
167110835,a8
167110835,b
167110835,a2
167110835,a3
167110835,a4
167110835,a5
167110835,a6
167110835,a7
167110835,a8
167110836,a7
167110845,a6
167110846,a7
167110847,a3
167110847,a4
167110855,a7
167110856,a5
167110858,a2
167110858,a3
167110858,a4
167110858,a5
167110858,a6
167110858,a7
167110858,a8
167110859,a4
167110860,a5
167110868,a3
167110869,a6
167110873,a2
167110873,a4
167110875,a7
167110880,init
167110880,b
167110880,a2
167110880,a3
167110880,a4
167110880,a4
167110880,a5
167110880,a7
167110880,a8
167110886,a2
167110888,a5
167110893,a7
167110899,a8
167110901,a5
167110901,a8
167110901,a8
167110901,a1
167110903,a1
167110903,a2
167110903,a3
167110903,a4
167110903,a6
167110903,a7
167110903,a8
167110909,a2
167110912,a4
167110912,a4
167110913,a3
167110913,a6
167110920,a7
167110921,a8
167110925,b
167110925,a1
167110925,a2
167110926,a3
167110926,a4
167110926,a8
167110926,a2
167110927,a4
167110927,a8
167110935,a3
167110942,a4
167110944,a3
167110948,a2
167110948,a3
167110948,a4
167110948,a5
167110948,a6
167110948,a7
167110948,a8
167110953,a5
167110956,a6
167110957,a4
167110959,a3
167110971,b
167110971,a2
167110971,a3
167110971,a4
167110971,a5
167110971,a6
167110971,a7
167110971,a8
167110972,a8
167110977,a6
167110977,a5
167110980,a3
167110982,a4
167110983,a8
167110983,a1
167110984,a7
167110993,a2
167110993,a3
167110993,a4
167110993,a5
167110993,a6
167110993,a7
167110993,a8
167110993,a2
167110994,a8
167110999,a2
167111000,a6
167111005,a3
167111006,a5
167111007,a4
167111013,a7
167111015,b
167111016,a1
167111016,a2
167111016,a3
167111016,a4
167111016,a5
167111016,a6
167111016,a7
167111016,a8
167111017,a8
167111019,a2
167111020,a7
167111023,a5
167111026,a3
167111030,a7
167111038,a1
167111038,a2
167111038,a3
167111038,a4
167111038,a5
167111038,a6
167111038,a7
167111038,a8
167111043,a6
167111046,a1
167111046,a3
167111048,a6
167111052,a5
167111054,a7
167111058,a4
167111059,a4
167111060,a2
167111061,init
167111061,b
167111061,a2
167111061,a3
167111061,a4
167111061,a4
167111061,a5
167111061,a6
167111061,a7
167111061,a8
167111065,a8
167111068,a7
167111074,a6
167111075,a2
167111078,a4
167111080,a3
167111083,a2
167111083,a3
167111083,a4
167111083,a5
167111083,a6
167111083,a7
167111083,a8
167111089,a2
167111090,a7
167111091,a4
167111094,a5
167111103,a5
167111103,a8
167111105,a3
167111106,b
167111106,a2
167111106,a3
167111106,a4
167111106,a4
167111106,a5
167111106,a6
167111106,a7
167111106,a8
167111107,a6
167111109,a4
167111112,a6
167111120,a7
167111120,a2
167111121,a5
167111128,a8
167111128,a2
167111128,a4
167111128,a5
167111128,a6
167111128,a7
167111128,a8
167111130,a3
167111131,a2
167111134,a5
167111136,a8
