trains_samples,agent_ms_1,agent_ms_2,agent_ms_3,agent_ms_4,agent_ms_5,agent_ms_6,agent_ms_7,agent_ms_8
100,1.174,1.147,1.219,0.79,0.653,1.139,1.141,0.757
100,1.184,1.139,1.21,0.811,0.661,1.027,1.181,0.758
100,1.161,1.114,1.162,0.798,0.651,1.047,1.183,0.786
100,1.147,1.152,1.263,0.771,0.643,1.007,1.12,0.752
100,1.137,1.135,1.04,0.77,0.643,0.997,0.54,0.762
100,1.145,1.219,0.728,0.775,0.639,0.991,0.504,0.769
100,1.18,1.135,0.715,0.765,0.629,0.442,0.495,0.742
100,1.141,1.122,0.706,0.76,0.632,0.433,0.491,0.78
100,1.133,1.104,0.702,0.794,0.629,0.424,0.531,0.785
100,0.957,1.119,0.715,0.769,0.623,0.422,0.491,0.316
100,0.647,1.122,0.694,0.764,0.658,0.43,0.492,0.304
100,0.65,1.101,0.689,0.772,0.694,0.419,0.489,0.294
100,0.631,1.129,0.691,0.765,0.645,0.42,0.494,0.294
100,0.643,1.119,0.695,0.762,0.64,0.418,0.527,0.296
100,0.645,1.119,0.697,0.421,0.631,0.419,0.497,0.298
100,0.638,1.169,0.692,0.409,0.622,0.419,0.489,0.294
100,0.639,0.441,0.688,0.405,0.622,0.421,0.492,0.298
100,0.641,0.441,0.714,0.399,0.625,0.415,0.486,0.294
100,0.634,0.44,0.698,0.4,0.644,0.417,0.49,0.297
100,0.639,0.441,0.713,0.399,0.629,0.415,0.492,0.298
100,0.637,0.437,0.691,0.407,0.619,0.418,0.487,0.292
100,0.637,0.441,0.696,0.399,0.636,0.417,0.488,0.295
100,0.655,0.438,0.696,0.397,0.625,0.447,0.486,0.293
100,0.65,0.439,0.698,0.422,0.616,0.466,0.531,0.291
100,0.632,0.464,0.709,0.401,0.624,0.436,0.507,0.294
100,0.64,0.447,0.702,0.401,0.844,0.42,0.498,0.292
100,0.637,0.447,0.705,0.399,0.672,0.421,0.518,0.293
100,0.638,0.45,0.701,0.404,0.626,0.416,0.498,0.311
100,0.628,0.438,0.695,0.401,0.623,0.419,0.525,0.298
100,0.628,0.444,0.702,0.406,0.622,0.42,0.495,0.297
200,1.3,0.873,1.369,0.768,1.259,0.833,0.974,0.6
200,1.352,0.903,1.437,0.802,1.254,0.868,1.01,0.607
200,1.344,0.935,1.428,0.802,0.526,0.863,1.011,0.602
200,1.335,0.909,0.994,0.799,0.515,0.881,1.044,0.597
200,1.358,0.911,0.598,0.8,0.512,0.878,1.009,0.602
200,1.339,0.896,0.615,0.801,0.514,0.866,1.005,0.6
200,1.328,0.894,0.601,0.804,0.513,0.864,1.023,0.599
200,1.057,0.898,0.595,0.803,0.516,0.862,0.931,0.634
200,0.544,0.899,0.615,0.802,0.514,0.861,0.565,0.803
200,0.544,0.899,0.602,0.827,0.512,0.887,0.412,0.619
200,0.548,0.908,0.6,0.809,0.512,0.865,0.413,0.662
200,0.545,0.898,0.6,0.808,0.523,0.557,0.423,0.607
200,0.544,0.9,0.6,0.806,0.516,0.413,0.417,0.673
200,0.545,0.947,0.595,0.806,0.51,0.413,0.414,0.603
200,0.543,0.914,0.598,0.821,0.51,0.41,0.413,0.608
200,0.554,0.988,0.599,0.807,0.512,0.411,0.411,0.714
200,0.558,0.92,0.597,0.807,0.513,0.412,0.421,0.611
200,0.547,0.663,0.597,0.754,0.517,0.411,0.434,0.615
200,0.543,0.414,0.608,0.567,0.51,0.414,0.425,0.608
200,0.549,0.416,0.602,0.498,0.509,0.409,0.416,0.607
200,0.545,0.414,0.601,0.504,0.512,0.412,0.412,0.895
200,0.548,0.414,0.597,0.507,0.51,0.418,0.412,0.405
200,0.548,0.412,0.618,0.5,0.512,0.412,0.412,0.477
200,0.564,0.416,0.601,0.503,0.521,0.415,0.417,0.462
200,0.547,0.412,0.603,0.499,0.513,0.413,0.412,0.432
200,0.544,0.418,0.6,0.499,0.51,0.413,0.412,0.403
200,0.547,0.415,0.603,0.502,0.511,0.447,0.412,0.433
200,0.558,0.419,0.598,0.499,0.509,0.441,0.413,0.448
200,0.552,0.417,0.595,0.501,0.518,0.42,0.423,0.409
200,0.55,0.416,0.595,0.498,0.514,0.416,0.414,0.437
300,0.806,0.616,0.887,0.74,0.756,0.612,0.604,0.626
300,0.838,0.635,0.922,0.773,0.788,0.639,0.642,0.836
300,0.829,0.634,0.915,0.773,0.787,0.638,0.628,0.617
300,1.012,0.637,0.917,0.779,0.782,0.629,0.629,0.656
300,0.832,0.636,0.941,0.781,0.792,0.628,0.626,0.642
300,0.828,0.634,0.927,0.8,0.781,0.638,0.629,0.854
300,0.837,0.634,0.934,0.76,0.78,0.626,0.626,0.633
300,0.833,0.638,0.764,0.749,0.783,0.634,0.631,0.636
300,0.827,0.635,0.652,0.781,0.782,0.627,0.629,0.642
300,0.828,0.672,0.65,0.817,0.78,0.626,0.635,0.649
300,0.829,0.636,0.649,0.809,0.851,0.628,0.628,0.649
300,0.825,0.635,0.663,0.799,0.658,0.709,0.627,0.724
300,0.674,0.64,0.653,0.784,0.628,0.705,0.626,0.651
300,0.669,0.642,0.652,0.797,0.622,0.708,0.63,0.618
300,0.676,0.639,0.657,0.808,0.799,0.696,0.622,0.647
300,0.709,0.635,0.651,0.772,0.62,0.637,0.636,0.617
300,0.639,0.642,0.65,0.762,0.624,0.643,0.637,0.642
300,0.665,0.636,0.651,0.784,0.627,0.674,0.643,0.639
300,0.679,0.635,0.65,0.764,0.623,0.628,0.631,0.824
300,0.662,0.635,0.652,0.768,0.621,0.623,0.627,0.656
300,0.688,0.635,0.714,0.782,0.622,0.623,0.631,0.609
300,0.628,0.632,0.723,0.809,0.634,0.625,0.628,0.639
300,0.658,0.633,0.65,0.798,0.638,0.623,0.623,0.641
300,0.657,0.634,0.647,0.802,0.687,0.622,0.64,0.659
300,0.661,0.633,0.648,0.769,0.644,0.628,0.665,0.739
300,0.657,0.626,0.651,0.768,0.632,0.626,0.63,0.821
300,0.686,0.624,0.661,0.767,0.634,0.628,0.641,0.609
300,0.655,0.63,0.65,0.768,0.632,0.626,0.628,0.612
300,0.657,0.629,0.652,0.765,0.633,0.623,0.627,0.637
300,0.625,0.667,0.651,0.77,0.628,0.629,0.625,0.636
400,0.846,0.844,0.829,1.036,0.828,0.819,0.805,0.996
400,0.896,0.858,0.865,1.105,0.863,0.913,0.847,0.881
400,0.905,0.855,0.867,1.058,0.901,0.96,0.84,0.818
400,0.879,0.86,0.942,1.048,0.932,0.878,0.843,0.943
400,0.891,0.855,0.909,1.066,0.935,0.897,0.849,0.979
400,0.878,0.855,0.882,1.058,0.935,0.934,0.839,0.912
400,0.874,0.855,0.865,1.105,0.936,0.892,0.84,0.891
400,0.958,0.856,0.873,1.042,0.939,0.865,0.837,0.863
400,0.88,0.856,0.868,1.047,0.943,0.868,0.841,0.929
400,0.874,0.858,0.869,1.111,0.845,0.865,0.835,0.851
400,0.882,0.855,0.878,1.049,0.834,0.849,0.838,0.85
400,0.93,0.853,0.874,1.126,0.83,0.85,0.837,0.847
400,0.875,0.866,0.87,1.055,0.833,0.85,0.835,0.859
400,0.875,0.906,0.868,1.045,0.831,0.848,0.846,0.845
400,0.858,0.844,0.888,1.133,0.827,0.848,0.837,0.861
400,0.93,0.842,0.875,1.088,0.836,0.857,0.834,0.851
400,1.109,0.844,0.879,1.037,0.832,0.862,0.834,0.845
400,1.043,0.856,0.873,1.066,0.832,0.826,0.891,0.851
400,1.034,0.841,0.87,1.049,0.831,0.841,0.899,0.846
400,1.032,0.839,0.872,1.049,0.829,0.907,0.842,0.845
400,1.034,0.843,0.87,1.058,0.827,0.934,0.842,0.856
400,1.035,0.839,0.869,1.05,0.829,0.868,0.93,0.849
400,1.034,0.846,0.871,1.053,0.829,0.864,0.908,0.858
400,1.027,0.84,0.897,1.11,0.836,0.875,0.837,0.849
400,1.09,0.838,0.965,1.052,0.831,0.885,0.835,0.848
400,1.04,0.837,0.964,1.055,0.829,0.918,0.834,0.848
400,1.045,0.838,0.892,1.087,0.83,0.855,0.854,0.861
400,1.035,0.857,0.868,1.179,0.829,0.851,0.838,0.851
400,1.03,0.845,0.89,1.114,1.025,0.85,0.837,0.898
400,1.03,0.845,0.868,1.077,0.844,0.851,0.836,0.857
500,1.236,1.033,1.054,1.246,1,1.017,1.001,1.003
500,1.28,1.091,1.109,1.305,1.064,1.398,1.051,1.049
500,1.277,1.097,1.101,1.301,1.045,1.078,1.058,1.044
500,1.274,1.078,1.098,1.318,1.043,1.067,1.043,1.047
500,1.281,1.075,1.096,1.304,1.045,1.121,1.1,1.061
500,1.279,1.079,1.103,1.301,1.045,1.079,1.087,1.05
500,1.285,1.075,1.1,1.303,1.042,1.078,1.051,1.046
500,1.278,1.075,1.102,1.414,1.047,1.067,1.049,1.055
500,1.084,1.056,1.097,1.299,1.042,1.054,1.049,1.043
500,1.081,1.059,1.102,1.331,1.042,1.082,1.043,1.05
500,1.082,1.065,1.147,1.287,1.051,1.074,1.058,1.06
500,1.079,1.062,1.086,1.351,1.039,1.061,1.041,1.169
500,1.245,1.06,1.112,1.312,1.037,1.056,1.042,1.064
500,1.076,1.084,1.096,1.285,1.048,1.054,1.045,1.053
500,1.079,1.065,1.094,1.284,1.043,1.053,1.076,1.069
500,1.077,1.068,1.101,1.308,1.04,1.053,1.049,1.101
500,1.088,1.057,1.11,1.287,1.042,1.055,1.043,1.069
500,1.073,1.058,1.097,1.291,1.039,1.054,1.046,1.064
500,1.075,1.056,1.095,1.295,1.036,1.05,1.046,1.062
500,1.074,1.056,1.108,1.293,1.112,1.049,1.059,1.062
500,1.073,1.068,1.099,1.285,1.111,1.047,1.046,1.079
500,1.071,1.063,1.098,1.284,1.047,1.059,1.043,1.065
500,1.072,1.088,1.1,1.286,1.041,1.082,1.04,1.06
500,1.348,1.094,1.092,1.285,1.042,1.074,1.119,1.061
500,1.288,1.199,1.098,1.288,1.069,1.075,1.113,1.102
500,1.437,1.195,1.101,1.308,1.045,1.059,1.06,1.091
500,1.283,1.083,1.095,1.317,1.049,1.116,1.088,1.071
500,1.281,1.08,1.096,1.284,1.054,1.172,1.046,1.082
500,1.278,1.081,1.098,1.374,1.056,1.08,1.06,1.067
500,1.424,1.076,1.135,1.344,1.043,1.105,1.05,1.066
600,1.634,1.244,1.274,1.506,1.204,1.259,1.217,1.237
600,1.676,1.304,1.404,1.574,1.265,1.322,1.568,1.364
600,1.583,1.385,1.329,1.579,1.272,1.284,1.717,1.386
600,1.535,1.329,1.33,1.579,1.257,1.304,1.719,1.308
600,1.541,1.307,1.327,1.577,1.266,1.294,1.461,1.329
600,1.529,1.309,1.401,1.599,1.255,1.315,1.717,1.305
600,1.294,1.299,1.32,1.577,1.265,1.407,1.72,1.288
600,1.285,1.303,1.316,1.583,1.256,1.301,1.518,1.288
600,1.289,1.298,1.328,1.573,1.258,1.289,1.697,1.285
600,1.286,1.304,1.32,1.589,1.257,1.3,1.553,1.288
600,1.283,1.299,1.315,1.573,1.258,1.309,1.717,1.28
600,1.28,1.329,1.313,1.558,1.267,1.314,1.719,1.268
600,1.283,1.437,1.317,1.55,1.256,1.258,1.73,1.316
600,1.283,1.437,1.333,1.546,1.258,1.315,1.711,1.268
600,1.283,1.434,1.323,1.584,1.258,1.264,1.719,1.297
600,1.304,1.446,1.321,1.633,1.259,1.395,1.72,1.466
600,1.285,1.454,1.333,1.622,1.272,1.266,1.723,1.439
600,1.282,1.425,1.322,1.561,1.269,1.266,1.718,1.427
600,1.29,1.323,1.327,1.572,1.26,1.324,1.718,1.287
600,1.283,1.3,1.318,1.574,1.26,1.266,1.72,1.272
600,1.284,1.301,1.314,1.553,1.26,1.319,1.635,1.268
600,1.285,1.297,1.471,1.552,1.266,1.285,1.438,1.283
600,1.287,1.309,1.468,1.554,1.259,1.298,1.341,1.284
600,1.293,1.303,1.466,1.545,1.254,1.291,1.275,1.291
600,1.282,1.298,1.365,1.578,1.257,1.699,1.27,1.293
600,1.289,1.296,1.329,1.571,1.252,1.315,1.286,1.288
600,1.622,1.299,1.323,1.569,1.263,1.301,1.279,1.297
600,1.555,1.309,1.321,1.648,1.325,1.264,1.272,1.298
600,1.544,1.31,1.323,1.585,1.267,1.285,1.283,1.297
600,1.544,1.376,1.325,1.555,1.255,1.29,1.272,1.297
700,1.74,1.46,1.464,1.766,1.393,1.421,1.448,1.442
700,1.802,1.53,1.54,1.954,1.46,1.514,1.524,1.509
700,1.607,1.517,1.557,1.837,1.479,1.492,1.505,1.561
700,1.515,1.516,1.547,1.822,1.486,1.596,1.52,1.616
700,1.51,1.508,1.555,1.83,1.468,1.482,1.5,1.517
700,1.542,1.521,1.54,1.831,1.572,1.538,1.508,1.506
700,1.515,1.51,1.537,1.844,1.553,1.514,1.504,1.501
700,1.549,1.514,1.615,1.824,1.473,1.57,1.504,1.495
700,1.507,1.509,1.534,1.828,1.459,1.55,1.518,1.486
700,1.507,1.514,1.545,1.825,1.465,1.606,1.501,1.486
700,1.509,1.514,1.527,1.819,1.476,1.535,1.548,1.489
700,1.511,1.513,1.531,1.896,1.489,1.552,1.565,1.543
700,1.508,1.507,1.531,1.871,1.466,1.494,1.533,1.488
700,1.518,1.515,1.525,1.849,1.46,1.477,1.502,1.502
700,1.509,1.548,1.538,1.847,1.473,1.476,1.553,1.493
700,1.51,1.533,1.527,1.841,1.467,1.48,1.544,1.485
700,1.506,1.53,1.56,1.841,1.462,1.48,1.56,1.497
700,1.515,1.532,1.536,1.843,1.459,1.504,1.497,1.49
700,1.507,1.535,1.536,1.838,1.466,1.465,1.53,1.487
700,1.506,1.632,1.532,1.872,1.472,1.537,1.514,1.486
700,1.501,1.692,1.538,1.857,1.466,1.491,1.523,1.511
700,1.516,1.677,1.54,1.845,1.47,1.449,1.501,1.489
700,1.505,1.674,1.552,2.782,1.461,1.515,1.582,1.49
700,1.504,1.521,1.538,1.848,1.491,1.519,1.53,1.49
700,1.503,1.514,1.536,1.844,1.461,1.483,1.643,1.486
700,1.508,1.52,1.533,1.847,1.46,1.455,1.607,1.49
700,1.508,1.518,1.522,1.842,1.482,1.597,1.51,1.476
700,1.506,1.525,1.523,1.848,1.471,1.475,1.504,1.477
700,1.524,1.512,1.535,1.844,1.459,1.463,1.511,1.496
700,1.504,1.8,1.555,1.843,1.46,1.464,1.509,1.49
800,1.643,1.655,1.685,1.991,1.599,1.646,1.63,1.621
800,1.724,1.728,1.786,2.095,1.674,1.704,1.706,1.823
800,1.815,1.92,1.741,2.071,1.678,1.738,1.716,1.937
800,1.751,1.902,1.754,2.055,1.673,1.703,1.703,1.749
800,1.711,1.747,1.741,2.055,1.681,1.762,1.75,1.737
800,1.717,1.723,1.747,2.051,1.675,1.744,1.776,1.733
800,1.731,1.717,1.735,2.097,1.719,1.708,1.764,1.732
800,1.717,1.816,1.741,2.062,1.707,1.773,1.742,1.729
800,1.72,1.783,1.755,2.072,1.705,1.826,1.713,1.698
800,1.715,1.726,1.744,2.166,1.705,1.747,1.709,1.702
800,1.715,1.723,1.743,2.088,1.695,1.78,1.686,1.705
800,1.708,1.734,1.74,2.167,1.752,1.764,1.694,1.717
800,1.707,1.821,1.741,2.09,1.689,1.749,1.693,1.726
800,1.711,1.811,1.748,2.083,1.77,1.723,1.701,1.841
800,1.709,1.731,1.742,2.102,1.699,1.711,1.694,1.819
800,1.716,1.724,1.821,2.081,1.674,1.772,1.714,1.712
800,1.71,1.723,2.178,2.105,1.676,1.705,1.695,1.701
800,1.705,1.78,1.857,2.09,1.67,1.807,1.694,1.824
800,1.706,1.743,1.836,2.084,1.694,1.717,1.838,1.726
800,1.713,1.733,1.812,2.096,1.699,1.742,1.804,1.704
800,1.707,1.739,1.938,2.082,1.681,1.713,1.695,1.714
800,1.716,1.721,1.927,2.081,1.827,1.708,1.687,1.715
800,1.702,1.846,1.752,2.082,1.735,1.725,1.725,1.708
800,1.703,1.928,1.911,2.089,1.677,1.811,1.691,1.754
800,1.715,2.034,1.786,2.077,1.674,1.705,1.948,1.726
800,1.707,1.835,1.746,2.152,1.681,1.718,1.767,1.731
800,1.709,2.028,1.753,2.1,1.674,1.695,1.739,1.73
800,1.707,1.73,1.745,2.115,1.674,1.704,1.697,1.737
800,1.706,1.953,1.733,2.056,1.678,1.699,1.69,1.711
800,1.705,2.095,1.739,2.355,1.686,1.702,1.711,1.789
900,1.853,2.348,1.865,2.489,1.805,1.81,1.855,1.861
900,1.945,2.375,1.965,2.362,1.887,1.933,1.964,1.957
900,1.938,2.602,1.953,2.341,1.88,1.968,1.956,1.937
900,2.048,2.636,1.956,2.342,1.9,1.977,1.919,1.932
900,2.012,2.706,1.959,2.468,1.884,2.083,1.928,1.98
900,1.938,2.658,1.961,2.409,1.985,1.899,1.962,1.955
900,1.935,2.682,2.01,2.396,2.02,1.955,1.918,1.946
900,1.934,2.569,2.013,2.392,1.891,1.921,1.934,1.938
900,1.956,2.556,1.956,2.385,1.903,1.932,1.924,1.939
900,1.934,2.201,2.105,2.383,2.01,1.944,1.919,1.927
900,1.934,2.684,1.979,2.385,1.919,1.92,1.925,1.911
900,1.947,2.728,1.966,2.362,1.893,2.015,1.957,1.91
900,1.942,2.626,1.967,2.407,1.879,1.913,2.023,2.045
900,1.94,2.612,1.961,2.392,1.877,2.003,1.966,2.061
900,1.948,2.83,1.962,2.378,1.876,1.942,1.955,1.943
900,1.944,2.653,1.98,2.358,1.922,2.021,2.228,2.036
900,1.934,2.49,1.964,2.379,1.885,1.912,1.92,1.917
900,1.941,2.66,1.956,2.37,1.881,1.88,1.917,1.906
900,1.945,2.652,1.94,2.352,1.882,1.896,1.918,1.911
900,1.935,2.689,1.977,2.356,1.95,1.898,1.927,1.9
900,1.931,2.675,1.975,2.411,1.903,1.894,1.918,1.904
900,1.934,2.574,1.98,2.382,1.913,2.035,2.167,1.948
900,1.935,2.74,1.969,2.371,1.881,1.985,1.947,1.948
900,1.934,2.665,1.976,2.356,1.881,2.016,1.915,2.061
900,1.941,2.637,1.967,2.345,1.883,1.995,2.046,2.043
900,1.929,2.683,1.969,2.355,1.889,1.99,2.033,1.913
900,1.933,2.503,1.97,2.381,1.881,1.917,1.923,1.927
900,1.931,2.071,2.052,2.359,1.881,1.896,1.926,1.91
900,1.952,2.111,2.024,2.363,1.892,1.882,1.941,1.897
900,1.94,1.973,1.967,2.359,1.884,1.9,1.919,1.918
1000,2.063,2.111,2.084,2.474,2.008,2.021,2.04,2.1
1000,2.152,2.369,2.215,2.805,2.111,2.111,2.132,2.386
1000,2.145,2.289,2.186,2.787,2.205,2.118,2.157,2.178
1000,2.149,2.174,2.191,2.703,2.318,2.154,2.164,2.156
1000,2.143,2.215,2.183,2.942,2.131,2.179,2.138,2.142
1000,2.154,2.262,2.199,2.637,2.132,2.162,2.125,2.169
1000,2.145,2.223,2.311,2.622,2.113,2.118,2.158,2.157
1000,2.146,2.452,2.182,2.627,2.112,2.11,2.148,2.152
1000,2.146,2.245,2.198,2.627,2.121,2.118,2.2,2.143
1000,2.146,2.226,2.191,2.671,2.166,2.143,2.156,2.136
1000,2.146,2.176,2.206,2.682,2.15,2.109,2.153,2.278
1000,2.166,2.464,2.217,2.86,2.129,2.155,2.151,2.305
1000,2.167,2.288,2.197,2.579,2.117,2.404,2.126,2.18
1000,2.165,2.201,2.187,2.586,2.121,2.205,2.122,2.174
1000,2.149,2.225,2.199,2.588,2.145,2.349,2.124,2.172
1000,2.161,2.269,2.183,2.567,2.129,2.115,2.117,2.312
1000,2.155,2.198,2.341,2.564,2.11,2.114,2.127,2.158
1000,2.152,2.171,2.312,2.748,2.137,2.116,2.116,2.137
1000,2.14,2.22,2.211,2.734,2.119,2.164,2.106,2.165
1000,2.151,2.319,2.218,2.736,2.119,2.15,2.261,2.176
1000,2.145,2.243,2.197,2.703,2.14,2.146,2.322,2.17
1000,2.149,2.232,2.199,2.594,2.122,2.154,2.116,2.177
1000,2.187,2.514,2.234,2.57,2.111,2.182,2.16,2.174
1000,2.165,2.239,2.194,2.647,2.11,2.175,2.129,2.211
1000,2.15,2.274,2.194,2.573,2.106,2.153,2.545,2.139
1000,2.156,2.178,2.217,2.604,2.126,2.117,2.366,2.195
1000,2.163,2.187,2.207,2.598,2.122,2.108,2.154,2.268
1000,2.155,2.266,2.187,2.596,2.13,2.103,2.183,2.153
1000,2.151,2.291,2.19,2.578,2.204,2.142,2.202,2.199
1000,2.801,2.321,2.181,2.598,2.168,2.156,2.183,2.143
1100,2.697,2.368,2.297,2.77,2.238,2.255,2.238,2.259
1100,2.783,2.514,2.414,2.871,2.334,2.519,2.337,2.396
1100,2.78,2.494,2.467,2.857,2.379,2.347,2.368,2.381
1100,2.785,2.701,2.416,2.87,2.344,2.363,2.344,2.398
1100,2.794,2.474,2.408,2.855,2.327,2.463,2.371,2.442
1100,2.785,2.426,2.407,2.87,2.409,2.461,2.36,2.413
1100,2.78,2.479,2.407,2.924,2.338,2.471,2.329,2.382
1100,2.789,2.488,2.407,2.888,2.329,2.325,2.367,2.385
1100,2.654,2.407,2.404,2.886,2.325,2.358,2.346,2.389
1100,2.933,2.55,2.575,2.902,2.322,2.33,2.334,2.347
1100,2.859,2.511,2.556,3.021,2.686,2.331,2.327,2.356
1100,2.79,2.548,2.426,2.989,2.68,2.316,2.357,2.362
1100,2.784,2.563,2.439,2.88,2.66,2.329,2.498,2.356
1100,2.784,2.418,2.408,2.883,2.653,2.313,2.683,2.361
1100,2.786,2.613,2.428,3.283,2.641,2.386,2.386,2.336
1100,2.839,2.519,2.405,3.182,2.336,2.354,2.353,2.345
1100,2.798,2.484,2.408,3.196,2.355,2.333,2.344,2.342
1100,2.788,2.393,2.409,2.914,2.346,2.368,2.388,2.505
1100,2.788,2.583,2.489,2.838,2.466,2.351,2.677,2.51
1100,2.787,2.534,2.432,2.913,2.523,2.325,2.392,2.386
1100,2.783,2.488,2.41,2.923,2.335,2.325,2.341,2.338
1100,2.787,2.478,2.416,2.899,2.336,2.317,2.364,2.333
1100,2.792,2.408,2.41,2.865,2.326,2.315,2.339,2.364
1100,2.799,2.518,2.408,2.867,2.325,2.338,2.352,2.717
1100,2.835,2.598,2.432,2.862,2.321,2.342,2.357,2.493
1100,2.785,2.509,2.41,3.193,2.326,2.435,2.428,2.358
1100,2.788,2.47,2.422,3.003,2.386,2.435,2.418,2.372
1100,2.785,2.417,2.414,2.838,2.359,2.37,2.345,2.389
1100,2.78,2.581,2.411,2.853,2.322,2.42,2.356,2.382
1100,2.783,2.493,2.412,2.874,2.327,2.624,2.344,2.38
1200,2.938,2.659,2.491,2.975,2.391,2.475,2.43,2.468
1200,3.051,2.674,2.636,3.108,2.523,2.591,2.567,2.581
1200,3.059,2.69,2.634,3.079,2.5,3.011,2.57,2.733
1200,3.049,2.903,2.617,3.134,2.518,2.59,2.552,2.769
1200,2.591,2.624,2.686,3.119,2.528,2.609,2.583,2.606
1200,3.215,2.813,2.626,3.284,2.573,2.561,2.558,2.555
1200,3.066,2.68,2.609,3.137,2.499,2.584,2.636,2.575
1200,3.05,2.665,2.616,3.124,2.509,2.554,2.719,2.544
1200,3.046,2.676,2.606,3.133,2.673,2.55,2.569,2.536
1200,3.063,2.758,2.634,3.128,2.752,2.558,2.621,2.609
1200,3.082,2.635,2.609,3.249,2.518,2.562,2.562,2.608
1200,3.085,2.614,2.618,3.132,2.539,2.777,2.551,2.6
1200,3.049,2.697,2.655,3.127,2.575,2.739,2.558,2.707
1200,3.047,2.722,2.798,3.143,2.763,2.672,2.928,2.675
1200,3.045,2.684,2.639,3.117,2.566,2.581,2.687,2.585
1200,3.076,2.614,2.611,3.117,2.516,2.598,2.766,2.589
1200,3.055,2.603,2.63,3.231,2.524,2.636,2.571,2.556
1200,3.054,2.684,2.61,3.176,2.51,2.573,2.986,2.703
1200,3.044,2.714,2.61,3.126,2.521,2.565,2.916,2.625
1200,3.048,2.703,2.661,3.196,2.563,2.635,2.653,2.627
1200,3.041,2.741,2.631,3.173,2.544,2.611,2.556,2.589
1200,3.156,2.701,2.625,3.11,2.521,2.598,2.585,2.568
1200,3.139,2.746,2.618,3.095,2.5,2.606,2.61,2.544
1200,3.087,2.674,2.622,3.116,2.514,2.593,2.563,2.59
1200,3.052,2.67,2.608,3.084,2.501,2.604,2.556,2.768
1200,3.048,2.756,2.625,3.119,2.527,2.596,2.57,2.727
1200,3.041,2.706,2.679,3.103,2.626,2.604,2.548,2.544
1200,3.052,2.962,2.65,3.141,2.571,2.548,2.566,2.635
1200,3.045,3.017,2.904,3.121,2.525,2.543,2.636,2.638
1200,3.05,2.952,2.641,3.122,2.508,2.532,2.549,2.62
1300,3.156,3.049,2.717,3.246,2.602,2.635,2.642,2.643
1300,3.29,3.128,2.844,3.592,3.241,3.332,2.924,2.788
1300,2.794,3.144,2.85,3.744,3.087,3.226,2.844,2.804
1300,2.788,3.125,2.861,3.415,2.868,2.958,2.864,2.782
1300,3.437,3.143,2.88,3.403,2.81,2.866,2.947,2.808
1300,3.29,2.911,2.85,3.397,2.782,2.833,2.799,2.777
1300,3.308,2.887,2.912,3.4,2.748,3.475,2.808,2.848
1300,3.294,2.866,2.898,3.487,2.771,3.121,2.827,3.108
1300,3.292,2.81,2.865,3.561,2.735,3.038,2.779,2.776
1300,3.313,2.839,2.876,3.443,2.77,3,2.791,2.787
1300,3.291,2.83,2.88,3.382,2.747,3.2,2.783,2.973
1300,3.28,2.866,2.851,3.408,2.73,2.88,2.846,3.058
1300,3.284,2.878,2.857,3.387,2.731,3.177,2.808,2.785
1300,3.284,3.142,2.851,3.386,2.788,3.051,2.949,2.774
1300,3.291,2.967,2.863,3.403,2.761,3.101,2.817,2.762
1300,3.343,2.802,2.86,3.381,2.727,2.974,2.793,2.8
1300,3.298,2.941,2.868,3.381,2.728,3.342,3.29,2.764
1300,3.293,2.801,2.866,3.392,2.728,3.244,2.962,2.781
1300,3.316,2.812,2.901,3.388,2.725,3.363,3.232,2.914
1300,3.283,2.844,2.845,3.39,2.798,3.056,2.807,3.014
1300,3.689,2.795,2.849,3.402,2.737,2.798,2.8,2.873
1300,3.673,2.79,2.861,3.366,2.737,3.384,2.823,2.87
1300,3.295,2.803,2.882,3.377,2.859,3.255,2.798,2.85
1300,3.322,2.862,2.852,3.357,2.791,3.056,2.794,2.844
1300,3.304,2.807,2.86,3.351,2.801,3.067,2.781,2.866
1300,3.29,2.796,2.845,3.384,2.895,3.454,2.783,2.797
1300,3.294,2.787,2.865,3.709,2.736,3.105,2.778,2.798
1300,3.291,2.811,2.861,3.441,2.745,3.003,2.837,2.8
1300,3.294,3.071,2.88,3.617,2.74,2.916,2.872,2.824
1300,3.284,2.789,2.864,3.376,2.763,3.225,2.945,2.787
1400,3.428,2.879,2.949,3.486,2.888,3.113,2.955,2.836
1400,3.025,3.034,3.079,3.723,3.1,3.192,3.061,3.008
1400,3.006,3.023,3.104,3.656,3.036,3.35,3.102,3.015
1400,3.307,3.021,3.08,3.645,3.044,3.124,3.057,3.142
1400,3.366,3.019,3.091,3.663,3.211,3.216,3.019,3.115
1400,3.717,3.161,3.085,3.667,3.089,3.234,3.023,3.005
1400,3.733,3.243,3.093,3.624,2.964,3.421,3.123,3.207
1400,3.569,3.078,3.085,3.592,2.959,3.061,3.212,3.192
1400,4,3.012,3.104,3.603,2.982,3.101,3.054,3.012
1400,3.975,3,3.077,3.711,3.146,3.049,3.034,3.061
1400,3.578,3.006,3.097,3.823,3.032,3.268,3.01,3.08
1400,3.951,3.069,3.182,3.837,2.995,3.121,3.024,3.027
1400,3.556,3.306,3.277,3.675,2.976,3.285,3.032,3.006
1400,3.58,3.017,3.089,3.921,2.981,3.164,3.434,3.059
1400,3.57,3.014,3.081,3.687,3.012,3.155,3.181,3.133
1400,3.572,3.003,3.069,3.78,3.039,3.026,3.06,3.193
1400,3.542,3.026,3.085,3.694,3.213,3.339,2.993,3.064
1400,3.645,3.11,3.074,3.662,3.084,2.979,2.973,3.076
1400,3.55,3.019,3.153,3.787,2.99,3.039,3.134,3.1
1400,3.555,3.043,3.119,3.712,3.268,3.033,3.096,3.046
1400,3.539,3.087,3.075,3.719,3.053,3.023,3.041,3.074
1400,3.558,3.187,3.164,3.633,3.001,2.991,3.019,3.182
1400,3.56,3.006,3.186,3.713,3.102,3.351,3.183,3.109
1400,3.546,3.008,3.174,3.747,3.121,3.011,3.133,3.007
1400,3.573,3.04,3.093,3.7,3.038,2.976,3.003,2.995
1400,3.542,3.023,3.153,3.834,2.958,3.038,3.036,3.229
1400,3.544,3.065,3.155,3.678,2.975,3.065,3.008,3.063
1400,3.565,3.176,3.252,3.7,2.986,3.005,3.049,3.093
1400,3.57,3.019,3.076,3.713,2.953,3.782,3.123,3.077
1400,3.554,3.038,3.158,3.813,2.971,4.048,3.19,3.055
1500,3.676,3.126,3.131,3.753,3.004,11.667,3.125,3.106
1500,3.247,3.267,3.545,3.929,3.195,11.494,3.263,3.335
1500,3.682,3.3,3.3,4.131,3.21,3.735,3.359,3.331
1500,3.251,3.336,3.306,4.022,3.353,9.71,3.314,3.307
1500,3.229,3.321,3.268,4.028,3.412,9.602,3.311,3.377
1500,3.508,3.293,3.307,3.972,3.372,3.967,3.311,3.486
1500,3.22,3.246,3.311,3.999,3.345,4.049,3.428,3.249
1500,3.235,3.259,3.288,4.034,3.159,4.067,3.333,3.245
1500,3.239,3.259,3.277,4.038,3.198,3.289,3.452,3.362
1500,3.251,3.249,3.268,4.031,3.317,3.268,3.299,3.314
1500,3.225,3.24,3.302,4.396,3.218,3.214,3.287,3.213
1500,3.224,3.26,3.29,4.211,3.176,3.274,3.3,3.251
1500,3.229,3.314,3.508,4.136,3.162,3.628,3.428,3.24
1500,3.237,3.477,3.348,3.986,3.353,3.419,3.21,3.49
1500,4.015,3.366,3.305,4.423,3.402,3.307,3.224,3.539
1500,3.818,3.3,3.302,4.285,3.223,3.264,3.327,3.381
1500,3.836,3.364,3.286,4.083,3.217,3.197,3.537,3.304
1500,3.895,3.324,3.283,4.209,3.206,3.202,3.273,3.345
1500,3.859,3.275,3.282,4.093,3.22,3.238,3.329,3.232
1500,3.831,3.289,3.281,4.108,3.188,3.244,3.196,3.253
1500,3.851,3.52,3.275,4.205,3.221,3.287,3.19,3.224
1500,4.411,3.362,3.283,4.261,3.158,3.239,3.284,3.255
1500,4.164,3.312,3.294,3.98,3.151,3.197,3.277,3.264
1500,3.873,3.294,3.296,4.331,3.177,3.284,3.282,3.268
1500,3.819,3.291,3.301,4.077,3.229,3.288,3.235,3.509
1500,3.826,3.271,3.688,4.065,3.147,3.201,3.665,3.285
1500,3.846,3.266,3.653,4.637,3.139,3.22,3.195,3.371
1500,3.882,3.332,3.647,4.201,3.154,3.19,3.229,3.302
1500,3.95,3.383,3.62,4.03,3.566,3.396,3.291,3.339
1500,3.964,3.304,3.287,4.048,3.217,3.368,3.194,3.259
1600,3.88,3.289,3.336,3.97,3.21,3.278,3.223,3.248
1600,4.048,3.45,3.558,4.27,3.368,3.473,3.406,3.526
1600,3.434,3.549,3.5,4.313,3.377,3.567,3.422,3.464
1600,3.41,3.486,3.531,4.195,3.378,3.819,3.418,3.515
1600,3.423,3.491,3.541,4.171,3.452,3.501,3.405,3.465
1600,3.423,3.845,3.496,4.153,3.447,3.441,3.444,3.422
1600,3.43,3.719,3.496,4.113,3.537,3.5,3.736,3.413
1600,3.415,3.453,3.51,4.076,3.609,3.578,3.434,3.438
1600,3.432,3.568,3.538,4.097,3.387,3.5,3.429,3.661
1600,3.417,3.637,3.61,4.112,3.37,3.667,3.44,3.695
1600,3.405,3.995,3.746,4.2,3.369,3.466,3.5,3.471
1600,3.428,3.478,3.507,4.145,3.431,3.491,3.403,3.467
1600,3.419,3.433,3.488,4.123,3.475,3.56,3.439,3.443
1600,3.419,3.418,3.509,4.228,3.41,3.686,3.615,3.641
1600,3.454,3.43,3.487,4.358,3.363,3.641,3.447,3.494
1600,3.85,3.421,3.495,4.092,3.388,3.575,3.42,3.407
1600,4.25,3.443,3.605,4.161,3.384,3.739,3.771,3.693
1600,4.065,3.458,3.507,4.334,3.386,3.577,3.654,3.402
1600,4.06,3.49,3.506,4.147,3.374,3.424,3.418,3.488
1600,4.042,3.758,3.498,4.128,3.661,3.444,3.437,3.533
1600,4.055,3.55,3.494,4.116,3.454,3.523,3.389,3.514
1600,4.092,3.432,3.538,4.13,3.406,3.586,3.444,3.64
1600,4.065,3.428,3.518,4.201,3.384,3.62,3.555,3.536
1600,4.059,3.485,3.558,4.17,3.393,3.66,3.389,3.471
1600,4.042,3.439,3.64,4.116,3.391,3.421,3.387,3.439
1600,4.03,3.463,3.977,4.078,3.478,3.457,3.391,3.537
1600,4.038,3.438,3.587,4.086,3.365,3.52,3.385,3.48
1600,4.318,3.43,3.512,4.087,3.398,3.492,3.421,3.46
1600,4.387,3.436,3.514,4.276,3.361,3.458,3.387,3.558
1600,4.043,3.415,3.62,4.152,3.481,3.413,3.758,3.585
1700,4.387,3.495,3.551,4.191,3.448,3.439,3.768,3.515
1700,4.476,3.791,3.754,4.485,3.593,3.664,4.659,3.649
1700,3.685,3.657,3.735,4.476,3.638,3.664,5.058,3.623
1700,3.65,3.663,3.745,4.425,3.629,3.686,5.009,3.622
1700,3.661,3.674,3.749,4.444,3.599,3.615,4.752,3.753
1700,3.64,3.667,3.771,4.444,3.72,3.691,4.496,3.863
1700,3.644,3.698,3.752,4.67,3.704,3.64,4.876,3.874
1700,3.852,3.648,3.763,4.373,3.634,3.63,4.957,3.702
1700,3.69,3.647,3.749,4.429,3.846,3.64,4.825,3.891
1700,3.656,3.644,3.805,4.411,3.683,3.625,5.254,3.625
1700,3.641,3.673,3.741,4.437,3.687,3.88,4.962,3.68
1700,3.652,3.86,3.793,4.359,3.627,3.952,4.927,3.686
1700,3.678,3.868,3.764,4.493,3.616,3.692,4.946,3.788
1700,3.648,3.672,4.005,4.611,3.588,3.731,5.157,3.855
1700,3.644,3.703,3.781,4.448,3.791,3.7,4.783,3.665
1700,3.678,3.851,3.743,4.473,3.617,3.714,4.84,3.724
1700,3.696,3.697,3.796,4.382,3.717,3.782,4.581,3.661
1700,3.663,3.677,3.795,4.391,3.643,3.665,4.665,3.694
1700,3.659,3.664,3.882,4.372,3.647,3.676,4.889,3.681
1700,3.655,3.645,3.743,4.396,3.725,4.111,4.976,3.636
1700,3.645,3.76,3.819,4.391,3.588,3.691,5.153,3.786
1700,3.646,3.67,3.745,4.357,3.595,3.67,3.874,3.647
1700,3.651,3.64,3.744,4.542,3.584,3.706,3.625,3.625
1700,3.755,3.657,3.736,4.491,3.716,3.694,3.626,4.317
1700,3.707,3.654,3.732,4.409,3.722,3.653,3.779,3.892
1700,4.587,3.652,3.91,4.391,3.672,3.873,3.677,3.761
1700,4.329,4.188,3.804,4.677,3.638,3.734,3.656,3.977
1700,4.333,3.773,3.76,4.433,3.72,3.728,3.639,3.787
1700,4.325,4.119,3.728,4.354,3.618,3.837,3.596,3.708
1700,4.322,3.7,3.763,4.358,3.62,3.651,3.754,3.723
1800,4.342,3.691,3.841,4.39,3.618,3.644,3.729,3.81
1800,4.589,3.916,4.02,4.662,3.836,4.074,3.827,4.036
1800,4.021,3.875,3.953,4.699,3.866,4.028,3.806,4.161
1800,4.73,3.965,3.948,4.887,3.863,3.885,3.9,3.873
1800,4.578,3.937,3.97,4.68,4.064,3.906,3.836,3.985
1800,4.682,3.892,3.96,4.669,4.177,3.872,3.838,4.166
1800,4.507,4.268,4.027,4.688,3.85,3.954,3.819,3.892
1800,4.613,3.893,3.945,4.787,3.812,3.895,4.088,4.184
1800,4.54,3.877,3.915,4.617,3.834,3.88,4.101,4.12
1800,4.516,4.365,3.97,4.678,3.863,3.819,4.057,3.956
1800,4.555,3.976,4.194,4.611,3.852,3.835,3.88,3.944
1800,4.556,4.06,4.053,4.664,3.847,3.985,3.807,3.993
1800,4.537,3.932,3.955,4.805,3.866,4.139,3.884,4.059
1800,4.535,3.906,4.628,4.781,3.862,4.132,3.891,4.046
1800,4.643,3.85,3.969,4.807,3.804,3.874,4.086,3.982
1800,4.517,3.89,3.977,5.185,3.805,3.885,3.926,3.953
1800,5.042,3.948,4.043,4.708,3.806,3.995,4.048,3.96
1800,4.536,3.872,3.972,4.751,4.021,3.856,3.834,4.166
1800,4.71,3.862,4.033,4.62,3.982,3.826,4.385,4.183
1800,4.565,3.891,4.007,4.775,3.839,3.873,3.948,3.892
1800,4.536,3.941,3.973,4.66,3.937,3.821,4.041,3.858
1800,4.637,3.932,3.956,4.626,3.818,3.882,3.89,4.353
1800,4.562,3.876,3.943,4.627,3.795,4.077,3.856,3.934
1800,4.71,3.877,4.009,4.617,3.839,3.9,3.825,3.854
1800,4.76,4.259,3.958,4.763,3.949,3.989,3.913,3.947
1800,4.8,3.915,3.998,4.719,3.859,3.948,3.845,3.934
1800,4.529,3.869,3.939,4.662,3.826,3.832,3.808,4.091
1800,4.591,3.855,4.013,4.677,3.846,3.82,4.454,3.982
1800,4.556,3.86,4.04,4.649,3.823,4.342,4.076,4.056
1800,5.077,3.892,3.937,4.728,4.028,4.057,3.894,3.931
1900,4.69,3.934,3.948,4.728,3.828,3.868,3.873,3.835
1900,4.855,4.194,4.162,5.016,4.023,4.051,4.115,4.087
1900,4.834,4.135,4.34,4.958,4.053,4.364,4.121,4.168
1900,4.862,4.162,4.406,4.968,4.001,4.172,4.043,4.053
1900,4.912,4.161,4.328,5.384,4.036,4.128,4.037,4.075
1900,4.149,4.093,4.292,5.035,4.061,4.126,4.141,4.028
1900,4.082,4.097,4.283,5.069,4.116,4.259,4.194,4.304
1900,4.139,4.257,4.23,4.93,4.281,4.224,4.025,4.467
1900,4.083,4.323,4.148,5.022,4.097,4.123,4.011,4.133
1900,4.17,4.162,4.35,4.962,4.075,4.277,4.059,4.421
1900,4.398,4.356,4.257,4.935,4.03,4.341,4.102,4.307
1900,4.165,4.107,4.146,4.923,4.075,4.162,4.303,4.106
1900,4.07,4.118,4.158,4.949,4.064,4.13,4.171,4.352
1900,4.102,4.101,4.525,4.986,4.033,4.38,4.027,4.156
1900,4.075,4.112,4.287,4.925,4.043,4.415,4.23,4.155
1900,4.063,4.15,4.443,5.045,4.016,4.328,4.064,4.554
1900,4.125,4.189,4.324,4.974,4.01,4.125,4.047,4.255
1900,4.101,4.204,4.194,4.94,4.029,4.489,4.03,4.099
1900,4.125,4.211,4.2,4.898,4.11,4.55,4.099,4.045
1900,4.109,4.194,4.352,4.952,4.187,4.269,4.064,4.071
1900,4.101,4.123,4.201,4.946,4.041,4.273,3.995,4.594
1900,4.593,4.329,4.161,5.14,4.274,4.164,4.239,4.272
1900,4.314,4.116,4.16,4.995,4.019,4.294,4.126,4.105
1900,4.079,4.139,4.18,4.917,4.618,4.316,4.084,4.228
1900,4.065,4.114,4.28,4.866,4.068,4.255,4.01,4.05
1900,5.098,4.1,4.283,4.939,4.025,4.326,4.007,4.027
1900,4.972,4.204,4.438,5.129,4.183,4.091,4.141,4.338
1900,5.216,4.237,4.243,4.962,4.002,4.159,4.049,4.175
1900,4.99,4.122,4.156,4.9,3.992,4.68,4.115,4.059
1900,4.863,4.108,4.259,5.037,4.277,4.195,4.362,4.025
2000,4.885,4.184,4.243,5.071,4.026,4.085,4.047,4.086
2000,5.112,4.557,4.551,5.318,4.222,4.312,4.239,4.4
2000,4.326,4.613,4.533,5.088,4.389,4.413,4.313,4.545
2000,4.302,4.352,4.684,5.217,4.241,4.458,4.381,4.59
2000,4.314,4.298,4.423,5.1,4.234,4.563,4.29,4.416
2000,4.279,4.3,4.353,5.083,4.25,4.262,4.215,4.356
2000,4.287,4.704,4.397,5.289,4.286,4.362,4.234,4.453
2000,4.348,4.57,5.097,5.277,4.683,4.491,4.662,4.373
2000,4.318,4.33,4.575,5.196,4.498,4.322,4.379,4.411
2000,4.265,4.308,4.878,5.183,4.345,4.251,4.208,4.591
2000,4.3,4.376,4.775,5.158,4.36,4.361,4.429,4.39
2000,4.292,4.365,4.842,5.119,5.703,4.711,4.37,4.408
2000,4.308,4.509,4.554,5.113,5.492,4.303,4.438,4.345
2000,4.459,4.407,4.795,5.187,5.794,4.263,4.327,4.358
2000,4.304,4.39,4.66,5.168,5.74,4.219,4.33,4.313
2000,4.273,4.379,4.681,5.14,6.021,4.632,4.497,4.297
2000,4.492,4.631,4.771,5.154,4.482,4.59,4.611,4.332
2000,5.339,4.352,4.717,5.207,4.289,4.545,4.625,6.116
2000,5.192,4.341,4.734,5.143,4.807,4.342,4.34,5.752
2000,5.114,4.35,4.741,5.512,4.521,4.283,4.278,5.899
2000,5.14,4.466,4.52,5.239,4.746,4.414,4.249,5.749
2000,5.09,4.731,4.789,5.129,4.849,4.518,4.264,5.899
2000,5.163,4.868,4.609,5.094,4.288,4.331,4.244,5.684
2000,5.063,4.779,4.713,5.392,4.258,4.348,4.249,5.85
2000,5.054,4.309,4.689,5.401,4.234,4.267,4.291,4.609
2000,5.241,4.366,4.695,5.235,4.232,4.371,4.245,4.583
2000,5.088,4.319,4.404,5.278,4.489,4.326,4.31,4.467
2000,5.127,4.376,4.458,5.236,4.322,4.243,4.194,4.442
2000,5.171,4.333,4.38,5.192,4.36,4.269,4.289,4.446
2000,5.137,4.425,4.351,5.19,4.324,4.421,4.434,4.449
2100,5.076,4.583,4.398,5.444,4.219,4.388,4.342,4.248
2100,5.439,4.532,4.721,5.521,4.42,4.58,5.358,4.534
2100,5.379,4.504,4.8,5.475,4.433,4.65,4.594,4.749
2100,4.626,4.515,4.626,5.488,4.534,5.007,4.449,4.543
2100,4.535,4.499,4.604,5.634,4.485,5.094,4.747,4.807
2100,4.482,4.653,4.676,5.802,4.463,4.94,4.655,4.993
2100,4.454,4.832,4.678,5.41,4.422,4.624,4.603,4.605
2100,4.556,4.523,4.644,5.407,4.426,4.527,4.628,4.638
2100,4.485,4.528,4.906,5.476,4.46,4.737,4.452,4.599
2100,4.479,4.516,4.648,5.671,4.63,4.762,4.47,4.494
2100,4.515,4.589,4.615,5.486,4.809,4.621,4.977,4.761
2100,4.462,4.596,4.788,5.577,4.524,4.489,4.47,4.813
2100,4.785,4.723,5.186,5.458,4.445,4.525,5.101,4.635
2100,5.574,4.559,5.147,5.467,4.467,4.638,4.572,4.565
2100,5.441,4.528,5.157,5.404,4.542,4.511,4.482,4.558
2100,5.628,4.547,5.14,5.47,4.609,4.494,4.637,4.591
2100,5.385,4.589,4.635,6.057,4.5,4.682,4.732,4.481
2100,5.459,4.665,4.904,5.495,4.496,4.638,4.619,4.473
2100,5.487,4.575,4.805,5.416,4.519,4.642,4.474,4.746
2100,5.452,4.557,4.687,5.546,4.484,4.517,4.613,5.046
2100,5.356,4.522,5.246,5.632,4.48,4.536,4.485,5.192
2100,5.322,4.493,4.747,5.509,4.495,5.105,4.537,4.746
2100,5.354,4.778,4.651,5.463,4.413,4.786,4.479,4.647
2100,5.306,4.518,4.669,5.594,4.606,4.571,4.521,4.633
2100,5.28,4.653,4.762,5.581,4.416,4.694,4.517,4.508
2100,5.711,4.686,4.619,5.522,4.477,4.553,4.692,4.664
2100,5.59,4.539,4.663,5.578,4.397,4.579,4.516,4.952
2100,5.303,4.55,4.627,5.493,4.363,4.598,4.432,4.571
2100,5.464,4.549,4.604,5.446,4.761,4.637,4.432,4.542
2100,5.58,4.632,4.749,5.515,4.473,4.486,4.911,4.592
2200,5.453,4.641,4.612,5.368,4.488,4.463,4.654,4.551
2200,5.766,4.746,4.844,5.62,4.786,4.935,4.671,4.896
2200,5.682,4.743,4.877,5.613,4.706,5.07,6.238,4.728
2200,5.767,4.805,4.815,5.797,4.748,4.714,6.668,4.829
2200,5.708,4.754,4.805,5.712,4.73,4.749,6.188,4.737
2200,4.917,4.827,6.383,5.792,4.858,4.825,6.488,4.766
2200,4.908,4.895,6.887,5.7,5.165,4.911,6.705,4.834
2200,4.895,4.824,6.424,5.69,4.671,4.994,5.015,4.86
2200,4.838,4.761,6.623,5.663,4.688,4.769,4.978,5.029
2200,4.697,4.75,6.83,5.662,4.645,4.814,4.718,5.492
2200,5.142,4.766,5.213,5.612,4.764,4.716,5.76,4.79
2200,4.824,4.823,5.025,5.598,4.734,4.804,5.051,4.881
2200,4.702,5.006,4.876,5.667,4.71,4.837,5.374,5.04
2200,6.115,4.793,5.417,5.664,4.656,4.727,4.788,4.889
2200,5.845,5.048,4.923,5.602,4.71,4.725,4.754,4.766
2200,5.652,5.062,4.887,5.656,4.653,4.805,4.721,4.777
2200,5.598,4.832,4.873,5.745,4.913,4.905,4.679,4.823
2200,5.665,4.781,4.993,5.625,4.972,4.955,4.809,5.101
2200,5.592,4.888,4.876,5.688,4.675,5.554,4.973,4.997
2200,5.722,4.771,4.871,5.663,4.704,4.91,4.799,4.705
2200,5.644,4.824,4.926,5.913,4.81,4.799,4.86,4.803
2200,6.096,5.105,4.898,5.833,4.709,4.917,4.774,4.943
2200,5.617,4.78,4.832,5.689,4.676,4.715,4.827,4.847
2200,5.581,4.819,5.043,5.744,4.667,4.805,4.81,4.789
2200,5.776,4.747,4.821,5.664,4.933,4.816,4.782,5.095
2200,5.666,4.742,4.853,5.622,4.678,4.708,4.695,4.895
2200,5.701,4.753,4.858,5.656,4.669,4.722,4.684,4.947
2200,5.837,4.937,4.886,5.89,4.688,4.942,4.822,4.783
2200,5.698,4.8,4.999,5.654,5.117,5.042,4.97,5.203
2200,5.777,4.769,4.925,5.761,4.705,4.845,4.694,4.885
2300,5.778,4.812,4.823,5.955,4.664,4.807,4.792,4.71
2300,6.065,5.033,5.16,6.276,5.006,5.537,4.983,4.925
2300,5.105,5.023,5.286,6.206,4.884,5.062,4.915,4.984
2300,6.167,5.071,5.063,6.023,4.899,5.049,4.962,5.163
2300,5.932,5.258,5.21,6.061,5.097,5.097,5.065,4.93
2300,5.971,4.98,5.218,5.965,5.282,4.996,5.202,5.205
2300,6.139,4.937,5.124,5.932,4.878,5.3,4.99,4.965
2300,5.9,4.983,5.061,5.952,4.858,4.999,5.06,4.879
2300,6.108,5.187,5.113,5.886,5.04,4.952,4.97,5.001
2300,5.952,5.119,5.273,6.19,4.909,4.976,4.861,4.95
2300,6.081,5.535,5.099,6.203,4.996,4.881,5.211,4.879
2300,5.963,5.292,5.055,6.715,4.864,4.996,5.106,4.998
2300,6.026,5.014,5.09,5.977,4.93,4.864,4.977,5.358
2300,5.988,4.95,5.146,6.007,4.866,5.074,4.881,5.201
2300,5.968,4.987,5.794,6.024,4.913,5.217,5.126,5.025
2300,6.23,4.952,5.102,6.299,5.172,5.173,5.064,4.999
2300,6.022,4.986,5.11,6.064,5.011,5.001,4.931,5.252
2300,6.065,4.972,5.064,5.914,4.965,5.587,4.869,5.073
2300,6.013,4.98,5.054,6.197,5.032,5.008,5.13,5.048
2300,6.089,4.982,5.118,6.059,4.943,4.904,5.041,4.902
2300,5.997,4.929,5.087,6.022,4.867,4.988,5.725,5.193
2300,6.09,4.96,5.929,5.97,4.888,4.945,5.086,5.166
2300,6.01,4.969,5.34,6.258,4.942,4.908,4.944,4.959
2300,6.036,4.935,6.131,6.053,4.851,4.935,4.903,5.053
2300,6.081,4.927,5.355,5.951,4.995,5.179,4.892,5.008
2300,6.124,4.922,5.876,5.995,4.963,4.966,5.033,5.074
2300,5.857,5.031,5.521,6.031,4.887,5.065,4.912,5.114
2300,5.857,5.067,5.516,5.957,4.898,5.062,4.869,4.899
2300,5.846,5.034,5.395,6.063,5.159,5.006,5.03,4.998
2300,6.086,5.051,5.475,5.957,5.062,5.053,6.291,5.036
2400,5.868,4.941,5.619,5.826,4.823,5.016,6.76,4.88
2400,5.254,5.155,5.498,6.914,5.082,5.282,7.08,5.116
2400,5.182,5.226,5.811,6.705,5.212,5.341,6.816,5.332
2400,5.145,5.395,6.001,6.203,5.117,5.333,6.891,5.352
2400,6.355,5.15,5.344,6.16,5.065,5.524,7.006,5.068
2400,6.236,5.338,5.338,6.26,5.173,5.323,6.702,5.235
2400,6.234,5.191,5.38,6.502,5.267,5.536,7.219,5.057
2400,6.353,5.171,5.344,6.235,5.198,5.247,6.977,5.152
2400,6.082,5.178,5.301,6.154,5.119,5.585,7.23,5.366
2400,6.185,5.134,5.689,6.293,5.068,5.448,6.89,5.343
2400,6.063,5.261,5.328,6.177,5.014,5.417,7.014,5.365
2400,6.042,5.484,5.286,6.127,6.001,5.127,6.83,5.105
2400,6.114,5.164,5.608,6.198,5.511,5.416,5.404,5.135
2400,6.092,5.142,5.408,6.137,5.275,5.222,6.722,5.211
2400,6.087,5.167,5.362,6.106,5.193,5.718,6.994,5.294
2400,6.089,5.256,5.303,6.246,5.231,5.374,6.658,5.141
2400,6.118,5.225,5.431,6.153,5.185,5.89,6.775,5.282
2400,6.102,5.144,5.307,6.128,5.101,5.523,7.017,5.122
2400,6.171,5.249,5.298,6.289,5.114,5.503,6.693,5.113
2400,6.084,5.184,5.458,6.17,5.231,5.3,6.893,5.361
2400,6.09,5.413,5.3,6.38,5.133,5.409,7.131,5.297
2400,6.039,5.296,5.279,6.451,5.132,7.004,7.034,5.264
2400,6.079,5.188,5.276,6.182,5.242,5.571,6.969,5.162
2400,6.094,5.137,5.524,6.447,5.135,5.446,6.757,5.045
2400,6.074,5.231,5.732,6.145,5.168,5.234,7.094,5.175
2400,6.128,5.159,5.429,6.263,5.181,5.152,7.357,5.143
2400,6.379,5.138,5.427,6.175,5.308,5.409,6.684,5.129
2400,6.143,5.14,5.666,6.507,5.339,5.353,7.145,5.22
2400,6.411,5.181,5.351,6.37,5.141,5.297,6.995,5.357
2400,6.145,5.134,5.27,6.253,5.104,5.272,6.736,5.301
2500,6.071,5.076,5.201,6.171,5.003,5.145,6.998,5.073
2500,6.333,5.744,5.594,6.49,5.55,5.423,7.055,5.342
2500,5.449,5.57,5.563,6.5,5.329,5.606,7.428,5.358
2500,5.33,5.499,5.46,6.427,5.607,5.653,7.406,5.379
2500,5.377,5.348,5.733,6.44,5.334,5.293,6.969,5.359
2500,5.356,5.383,5.529,6.557,5.294,5.359,7.43,5.455
2500,5.386,5.347,5.435,6.397,5.664,5.397,7.286,5.777
2500,5.319,5.485,5.486,6.38,5.627,5.439,7.442,5.294
2500,5.36,5.68,5.966,6.947,5.369,5.784,7.357,5.511
2500,5.342,5.442,5.741,6.588,5.603,5.417,7.259,5.361
2500,5.377,5.403,5.451,6.71,5.367,5.554,7.411,5.41
2500,5.352,5.342,5.72,6.595,5.486,5.487,7.391,5.706
2500,6.659,5.681,5.645,6.505,5.406,5.306,7.385,5.548
2500,6.344,5.374,5.618,6.529,5.286,5.495,7.277,5.697
2500,6.344,5.34,5.42,6.737,5.341,5.451,5.668,5.377
2500,6.371,5.342,5.515,6.64,5.376,5.452,5.516,5.43
2500,6.52,5.38,5.644,6.582,5.543,5.417,5.512,5.373
2500,6.322,5.66,5.608,6.455,5.731,5.689,6.301,5.609
2500,6.389,5.531,5.538,6.495,5.604,5.368,5.69,5.3
2500,6.685,5.423,5.556,6.63,5.352,5.627,5.398,5.594
2500,6.328,5.355,5.424,6.492,5.463,5.352,5.422,6.369
2500,6.354,5.388,5.404,6.517,5.284,5.485,5.332,5.81
2500,6.382,5.41,5.463,6.631,5.334,5.306,5.476,5.824
2500,6.324,5.405,5.435,6.828,5.59,5.482,5.309,5.669
2500,6.332,5.323,5.535,6.55,5.308,5.47,5.362,5.72
2500,6.302,5.533,5.509,6.382,5.276,5.415,5.627,6.01
2500,6.348,5.352,5.542,6.708,5.404,5.406,5.45,5.798
2500,6.353,5.332,5.422,6.566,5.561,5.309,5.419,5.739
2500,6.341,5.443,5.466,6.495,5.274,5.637,5.487,5.654
2500,6.297,5.397,5.446,6.407,5.384,5.559,5.382,5.713
2600,6.35,5.837,5.361,6.361,5.24,5.213,5.221,5.954
2600,6.55,6.046,5.729,6.752,5.479,5.773,5.553,5.933
2600,5.849,5.719,5.707,6.714,5.529,5.638,5.662,5.914
2600,7.559,5.777,5.645,6.737,7.68,5.592,5.823,5.737
2600,6.717,5.962,5.652,6.693,7.919,5.608,5.607,5.659
2600,6.635,5.711,5.959,6.805,7.464,5.572,5.511,5.588
2600,6.745,5.605,5.967,6.638,7.617,5.534,5.556,5.582
2600,7.013,5.871,5.632,6.646,7.451,5.932,5.65,5.586
2600,6.717,5.965,5.943,6.996,5.883,5.629,5.717,5.829
2600,6.604,5.929,5.654,7.432,5.837,5.658,5.53,5.859
2600,6.574,5.679,5.719,6.695,5.782,5.525,5.593,5.628
2600,6.547,5.774,5.793,6.847,5.719,6.598,5.591,5.724
2600,6.736,5.602,5.754,6.692,5.625,5.827,5.46,5.76
2600,6.584,5.6,5.644,7.25,5.584,5.921,5.601,5.598
2600,6.601,6.233,5.696,6.761,5.572,5.661,5.559,5.632
2600,6.551,5.632,5.849,6.794,5.744,5.616,5.939,5.666
2600,6.519,5.577,5.678,6.877,5.527,5.675,5.533,5.664
2600,6.549,5.784,5.676,6.741,5.819,5.918,5.507,5.895
2600,6.865,5.612,5.645,6.743,5.596,5.672,5.67,5.969
2600,6.515,5.629,5.698,6.68,5.61,5.73,5.54,5.537
2600,6.592,5.666,5.755,6.651,5.52,5.517,5.604,5.849
2600,6.705,6.846,6.575,6.741,6.079,5.835,5.927,5.751
2600,6.57,5.797,5.739,6.725,5.766,5.514,5.586,5.622
2600,6.565,6.423,5.725,6.768,5.739,5.475,5.806,5.568
2600,6.618,5.888,5.66,6.764,5.52,5.487,5.512,5.88
2600,6.657,5.721,5.662,6.85,5.622,5.542,5.558,5.835
2600,6.637,5.637,5.78,6.977,5.568,6.347,5.63,5.756
2600,6.63,5.674,5.738,6.848,5.518,5.925,5.568,5.999
2600,6.603,5.624,5.653,6.722,5.689,5.672,5.443,6.125
2600,6.692,5.698,6.321,6.772,5.588,6.569,5.582,6.031
2700,6.515,5.539,5.672,6.605,5.507,6.113,5.423,5.918
2700,6.756,5.825,5.936,7.156,5.964,6.277,5.958,6.051
2700,5.905,5.929,5.98,6.976,5.863,6.478,6.027,6.212
2700,5.708,6.112,5.936,6.997,6.033,6.107,5.928,5.727
2700,5.769,5.772,6.193,7.018,5.757,6.012,5.905,6.069
2700,5.814,5.988,6.023,7.267,5.699,6.257,5.882,5.866
2700,6.034,6.021,5.997,7.046,5.804,5.8,5.767,5.789
2700,7.072,5.928,6.002,7.099,5.839,5.914,5.807,6.148
2700,6.799,6.226,6.011,7.026,6.126,5.923,5.772,5.687
2700,7.008,5.859,5.95,7.01,5.705,6.214,5.701,5.719
2700,6.975,5.803,5.913,7.075,5.697,6.131,5.805,5.741
2700,6.759,5.812,6.244,7.164,5.799,5.761,6.078,6.171
2700,6.82,5.868,6.323,7.058,5.888,5.751,6.029,6.159
2700,6.71,5.792,6.268,7.06,6.498,5.761,5.782,5.808
2700,6.835,5.921,5.948,7.057,5.808,5.821,5.84,5.816
2700,6.832,5.953,5.99,6.983,5.705,5.774,5.773,5.832
2700,6.846,6.159,6.038,6.918,5.91,5.934,5.807,5.808
2700,6.83,6.284,6.038,6.994,5.773,5.722,6.455,5.722
2700,6.774,5.928,5.93,7.165,5.702,5.792,5.884,5.933
2700,6.735,5.885,5.899,7.343,5.72,6.163,5.729,5.998
2700,6.844,5.818,6.193,6.997,6.296,5.907,5.768,6.212
2700,6.949,5.923,5.952,7.022,5.865,6.458,6.072,5.792
2700,6.923,5.843,5.989,7.03,6.212,5.699,5.925,6.065
2700,7.044,6.369,5.958,7.335,5.732,5.844,6.056,5.689
2700,6.869,5.82,6.424,7.144,5.666,5.888,5.73,5.913
2700,6.741,5.829,6.09,6.94,5.715,5.739,5.807,6.074
2700,6.858,5.889,6.122,6.886,5.852,5.697,5.876,6.009
2700,6.828,6.144,5.95,7.178,5.845,5.783,5.794,6.317
2700,6.778,5.867,6.037,6.898,5.741,5.735,5.941,5.79
2700,6.823,5.771,5.909,6.991,5.861,5.65,5.888,6.113
2800,6.819,5.764,5.815,6.768,6.046,5.745,5.623,5.985
2800,6.05,5.986,6.595,7.175,6.774,6.255,5.939,5.999
2800,7.411,6.795,6.129,7.504,6.401,6.376,6.045,6.309
2800,7.022,6.223,6.135,7.477,6.341,6.197,6.208,6.504
2800,7.115,6.888,6.377,7.304,6.238,6.044,6.373,6.381
2800,7.115,6.066,6.263,7.118,6.187,5.989,5.938,6.04
2800,7.026,6.069,6.625,7.185,6.225,6.301,5.902,6.057
2800,6.974,6.022,6.258,7.513,6.339,6.331,6.079,6.07
2800,7.046,6.114,6.371,7.433,6.205,6.089,6.036,6.033
2800,7.044,6.33,6.283,7.567,6.913,6.003,6.402,6.166
2800,7.084,6.08,6.311,7.963,6.017,6.202,6.339,6.133
2800,7.315,6.034,6.298,7.366,6.21,6.133,6.039,6.146
2800,7.038,6.211,6.188,7.253,6.038,6.072,6.233,6.127
2800,7.098,6.054,6.186,7.284,6.063,6.096,6.004,6.545
2800,7.087,6.079,6.19,7.391,6.035,5.94,5.977,6.276
2800,7.055,6.271,6.078,7.399,6,5.976,6.114,6.143
2800,7.086,6.52,6.939,7.362,5.906,6.12,6.001,5.989
2800,6.974,6.499,6.311,7.727,5.923,6.228,6.008,6.231
2800,7.204,6.204,6.238,7.295,6.216,6.078,6.067,6.006
2800,7.095,6.114,6.344,7.234,6.085,6.166,6.397,5.868
2800,7.022,6.393,6.106,7.461,8.08,6.103,5.938,5.868
2800,7.111,6.054,6.163,7.481,7.625,6.048,6.158,6.294
2800,7.118,6.082,6.115,8.046,8.205,6.097,6.13,6.308
2800,7.006,6.178,6.196,7.413,8.082,6.004,6.048,6.404
2800,7.062,6.456,6.445,7.251,7.836,6.256,5.926,6.146
2800,7.484,6.064,6.808,7.245,8.263,6.139,6.048,6.138
2800,7.164,6.198,6.18,7.215,8.071,6.208,5.98,6.023
2800,7.435,6.066,6.266,8.078,7.641,6.396,5.921,6.229
2800,7.236,6.039,6.149,7.152,7.996,6.2,6.362,6.205
2800,7.08,6.185,6.168,7.221,8.102,6.25,6.167,6.05
2900,7.296,5.979,6.012,7.063,8.219,5.86,6.004,5.986
2900,6.356,6.269,6.338,7.725,7.881,6.333,6.349,6.319
2900,6.413,6.325,6.387,7.722,8.344,6.323,6.311,6.318
2900,6.336,6.302,6.941,7.581,6.618,6.453,6.099,6.26
2900,6.585,6.447,6.394,7.49,6.534,6.259,6.163,6.256
2900,7.756,6.334,6.746,7.507,6.091,6.475,6.488,6.699
2900,7.655,6.364,6.378,7.418,6.307,6.764,6.488,6.576
2900,7.452,6.338,6.373,7.896,6.094,6.631,6.145,6.521
2900,7.47,6.266,6.364,7.554,6.404,6.15,6.419,6.277
2900,7.498,7.052,6.508,7.676,6.571,7.031,6.143,6.601
2900,7.504,6.46,6.493,7.553,6.305,6.559,6.498,6.282
2900,7.374,6.318,6.447,7.409,6.508,6.512,6.448,6.534
2900,8.387,6.234,6.42,7.818,6.297,6.205,6.21,6.589
2900,7.65,6.349,6.456,7.512,6.408,6.479,6.305,6.337
2900,7.699,6.288,6.325,7.519,6.517,6.524,6.98,6.529
2900,7.762,6.262,6.674,7.905,6.322,6.125,6.228,6.375
2900,7.548,6.327,6.394,8.242,6.531,6.273,6.167,6.499
2900,7.448,6.648,6.384,7.418,6.215,6.325,6.263,6.417
2900,7.419,6.577,6.482,7.718,6.186,6.284,6.29,6.613
2900,7.406,6.475,6.406,7.715,6.277,6.256,6.105,6.472
2900,7.62,6.319,6.351,9.328,6.246,6.158,6.224,6.374
2900,7.44,6.305,6.302,9.885,6.595,6.355,6.444,6.444
2900,7.462,6.33,6.607,10.028,6.345,6.243,6.59,6.365
2900,7.462,6.365,6.474,9.684,6.38,6.213,6.237,6.35
2900,7.386,6.244,6.605,9.932,6.413,6.483,6.207,6.424
2900,7.35,6.624,6.342,7.68,6.283,6.272,6.286,6.523
2900,7.364,7.102,6.355,7.772,6.623,6.646,6.281,6.353
2900,7.982,6.336,6.429,8.364,6.389,6.335,6.199,6.445
2900,7.528,6.327,6.409,7.746,6.384,6.267,6.369,6.205
2900,7.317,6.269,6.306,7.976,8.348,6.431,6.329,6.384
3000,7.276,6.256,6.231,7.335,8.049,6.088,6.089,6.255
3000,7.53,6.852,6.506,7.719,8.853,6.411,6.795,6.892
3000,7.089,6.649,6.687,7.732,8.826,6.885,6.553,6.808
3000,7.87,6.63,6.653,7.782,8.462,6.807,6.292,6.58
3000,7.621,6.611,6.98,7.826,9.044,6.721,6.633,6.712
3000,7.504,6.576,6.554,7.723,7.308,6.567,6.647,6.674
3000,7.734,6.651,6.63,7.68,6.894,6.518,6.406,6.624
3000,7.582,6.522,6.491,8.493,6.636,6.756,6.906,6.941
3000,7.521,6.918,6.799,8.197,7.204,6.726,6.401,6.884
3000,7.804,7.314,6.581,7.981,6.626,6.684,6.402,6.822
3000,7.801,6.569,6.507,7.833,7.002,6.499,6.622,6.59
3000,7.666,18.971,6.595,7.724,6.5,6.538,6.301,6.585
3000,7.575,9.417,6.562,7.902,6.328,6.492,6.462,6.694
3000,7.528,7.735,6.49,7.837,6.796,6.628,6.227,6.534
3000,7.632,14.695,6.542,7.698,6.412,6.465,6.488,6.771
3000,7.553,6.85,6.659,7.681,8.795,6.661,6.668,6.993
3000,7.578,6.755,6.566,7.768,8.675,7.252,6.432,6.563
3000,7.752,6.916,6.76,7.845,9,6.786,6.403,6.742
3000,7.591,9.165,6.825,7.73,6.883,6.488,6.29,6.672
3000,7.628,9.303,6.632,7.629,6.644,6.584,6.401,6.644
3000,7.532,8.602,6.504,7.739,6.435,6.526,6.62,6.809
3000,7.584,8.311,6.524,7.905,6.4,6.386,6.472,6.871
3000,8.211,6.801,7.189,7.992,6.412,6.804,6.361,6.772
3000,7.523,6.57,6.719,7.696,6.957,6.547,6.318,6.761
3000,7.568,6.518,6.888,7.828,7.481,6.507,6.54,6.639
3000,7.606,6.587,17.592,7.651,7.363,6.472,6.615,6.629
3000,7.828,6.672,9.283,7.618,7.015,6.542,6.455,6.911
3000,7.93,6.658,7.217,8.702,6.841,6.532,6.558,6.504
3000,8.038,6.468,7.19,7.714,6.943,6.544,6.51,6.497
3000,7.477,6.532,6.992,8.572,6.831,6.593,6.369,6.582
